CREATE USER clases IDENTIFIED BY "Herrera2024_" DEFAULT TABLESPACE DATA QUOTA 50M ON DATA ;
GRANT CONNECT, RESOURCE, CREATE VIEW TO clases;

create table clases.empresas(
   cif char(9) constraint empresas_pk primary key,
   nombre varchar(25) constraint empresas_uk unique 
           constraint empresas_nn not null,
   direccion varchar(50),
   telefono char(9)
);

create table clases.alumnos(
   nif char(9) constraint alumnos_pk primary key,
   nombre varchar(50) constraint alumnos_nn1 not null,
   apellido1 varchar(50) constraint alumnos_nn2 not null,
   apellido2 varchar(50),
   direccion varchar(50),
   telefono char(9),
   edad number(2),
   cif char(9) constraint alumnos_fk references clases.empresas
          on delete set null
);

create table clases.profesores(
   nif char(9) constraint profesores_pk primary key,
   nombre varchar2(50) constraint profesores_nn1 not null,
   apellido1 varchar2(50) constraint profesores_nn2 not null,
   apellido2 varchar2(50),
   direccion varchar2(50),
   telefono char(9)
);

create table clases.tipos_curso(
  cod_curso char(8) constraint tipos_curso_pk primary key,
  titulo varchar2(50) constraint tipos_curso_uk unique,
  duracion number(3),
  temario clob,
  materias varchar2(100)
);
  

create table clases.cursos(
   n_curso number(3) constraint cursos_pk primary key,
   fecha_inicio timestamp(0),
   fecha_fin timestamp(0),
   cod_curso char(8) constraint cursos_fk1
       references clases.tipos_curso
     on delete set null,
   nif_profesor char(9) constraint cursos_fk2
       references clases.profesores
         on delete set null
);


create table clases.asistir(
   nif char(9) constraint asistir_fk1 references clases.alumnos
       on delete cascade,
   n_curso number(3) constraint asistir_fk2 references clases.cursos
       on delete cascade,
   nota number(4,2),
   constraint asistir_pk primary key(nif,n_curso)
)


INSERT INTO CLASES.EMPRESAS (CIF, NOMBRE, DIRECCION, TELEFONO) VALUES ('09000000A', 'Álvarez S. A.', 'c/ Mencía 16', '979707070');
INSERT INTO CLASES.EMPRESAS (CIF, NOMBRE, DIRECCION, TELEFONO) VALUES ('11000000G', 'Tarrega', 'C/ Olvido 12', '979797979');
INSERT INTO CLASES.EMPRESAS (CIF, NOMBRE, DIRECCION, TELEFONO) VALUES ('12000000H', 'Class', 'C/ Ruena 51', '979878781');
INSERT INTO CLASES.EMPRESAS (CIF, NOMBRE, DIRECCION, TELEFONO) VALUES ('13000000J', 'López y Hermanos', 'C/ Alcorcón s/n', '983324563');
INSERT INTO CLASES.EMPRESAS (CIF, NOMBRE, DIRECCION, TELEFONO) VALUES ('17000000K', 'Hierros y tornillos S. L.', 'Poligono Tres Casitas s/n', '979676767');
INSERT INTO CLASES.EMPRESAS (CIF, NOMBRE, DIRECCION, TELEFONO) VALUES ('18000000Z', 'FRT S. A.', 'C/ Las Viudas 14', '979898989');
INSERT INTO CLASES.EMPRESAS (CIF, NOMBRE, DIRECCION, TELEFONO) VALUES ('19000000H', 'Industrias Castellanas', 'Avda. Salmantina 23', '979888888');
INSERT INTO CLASES.EMPRESAS (CIF, NOMBRE, DIRECCION, TELEFONO) VALUES ('20000000L', 'Vidrios Carmelo', 'C/ Los muelles 16', '979101919');
INSERT INTO CLASES.EMPRESAS (CIF, NOMBRE, DIRECCION, TELEFONO) VALUES ('21200000U', 'Swinder', 'C/ París 12', '977718888');
INSERT INTO CLASES.EMPRESAS (CIF, NOMBRE, DIRECCION, TELEFONO) VALUES ('11111111C', 'Nueva SA', null, null);

INSERT INTO CLASES.TIPOS_CURSO (COD_CURSO, TITULO, DURACION, TEMARIO, MATERIAS) VALUES ('DSNGR001', 'Diseño Gráfico', 30, null, null);
INSERT INTO CLASES.TIPOS_CURSO (COD_CURSO, TITULO, DURACION, TEMARIO, MATERIAS) VALUES ('DSNGR009', 'Adobe InDesign', 28, null, null);
INSERT INTO CLASES.TIPOS_CURSO (COD_CURSO, TITULO, DURACION, TEMARIO, MATERIAS) VALUES ('ELECT001', 'Electricidad', 200, null, null);
INSERT INTO CLASES.TIPOS_CURSO (COD_CURSO, TITULO, DURACION, TEMARIO, MATERIAS) VALUES ('INFOR021', 'Windows 2023 I', 45, null, null);
INSERT INTO CLASES.TIPOS_CURSO (COD_CURSO, TITULO, DURACION, TEMARIO, MATERIAS) VALUES ('INFOR022', 'Windows 2023 II', 110, null, null);
INSERT INTO CLASES.TIPOS_CURSO (COD_CURSO, TITULO, DURACION, TEMARIO, MATERIAS) VALUES ('INFOR030', 'Linux I', 65, null, null);
INSERT INTO CLASES.TIPOS_CURSO (COD_CURSO, TITULO, DURACION, TEMARIO, MATERIAS) VALUES ('INFOR031', 'Linux II', 90, null, null);
INSERT INTO CLASES.TIPOS_CURSO (COD_CURSO, TITULO, DURACION, TEMARIO, MATERIAS) VALUES ('MECAN011', 'Soldadura', 200, null, null);
INSERT INTO CLASES.TIPOS_CURSO (COD_CURSO, TITULO, DURACION, TEMARIO, MATERIAS) VALUES ('OFICG001', 'Mecanografía', 30, null, null);
INSERT INTO CLASES.TIPOS_CURSO (COD_CURSO, TITULO, DURACION, TEMARIO, MATERIAS) VALUES ('SGBDR010', 'Introducción a Oracle', 90, null, null);
INSERT INTO CLASES.TIPOS_CURSO (COD_CURSO, TITULO, DURACION, TEMARIO, MATERIAS) VALUES ('SGBDR011', 'Programación PL/SQL', 110, null, null);

INSERT INTO CLASES.PROFESORES (NIF, NOMBRE, APELLIDO1, APELLIDO2, DIRECCION, TELEFONO) VALUES ('12000000B', 'Herminio', 'Juanez', 'Reina', 'Plaza de León 13', '979102040');
INSERT INTO CLASES.PROFESORES (NIF, NOMBRE, APELLIDO1, APELLIDO2, DIRECCION, TELEFONO) VALUES ('12444444C', 'Alfonso', 'Hernández', 'Seco', 'c Mayor 23', '979809100');
INSERT INTO CLASES.PROFESORES (NIF, NOMBRE, APELLIDO1, APELLIDO2, DIRECCION, TELEFONO) VALUES ('48726636K', 'Fernando', 'Algete', 'Soroya', 'c el cid 1', '659876777');
INSERT INTO CLASES.PROFESORES (NIF, NOMBRE, APELLIDO1, APELLIDO2, DIRECCION, TELEFONO) VALUES ('71656565U', 'Manuela', 'Casasola', 'Pedrosa', 'Plaza Pio XII 3', '979724765');

INSERT INTO CLASES.CURSOS (N_CURSO, FECHA_INICIO, FECHA_FIN, COD_CURSO, NIF_PROFESOR) VALUES (301, TIMESTAMP '2024-01-10 09:00:00', TIMESTAMP '2024-01-28 11:00:00', 'DSNGR001', '71656565U');
INSERT INTO CLASES.CURSOS (N_CURSO, FECHA_INICIO, FECHA_FIN, COD_CURSO, NIF_PROFESOR) VALUES (401, TIMESTAMP '2024-01-10 15:00:00', TIMESTAMP '2024-01-28 19:00:00', 'INFOR021', '12444444C');
INSERT INTO CLASES.CURSOS (N_CURSO, FECHA_INICIO, FECHA_FIN, COD_CURSO, NIF_PROFESOR) VALUES (402, TIMESTAMP '2024-03-10 18:30:00', TIMESTAMP '2024-06-01 20:30:00', 'INFOR022', '12444444C');
INSERT INTO CLASES.CURSOS (N_CURSO, FECHA_INICIO, FECHA_FIN, COD_CURSO, NIF_PROFESOR) VALUES (403, TIMESTAMP '2024-01-11 17:00:00', TIMESTAMP '2024-02-09 19:00:00', 'INFOR030', '12444444C');
INSERT INTO CLASES.CURSOS (N_CURSO, FECHA_INICIO, FECHA_FIN, COD_CURSO, NIF_PROFESOR) VALUES (432, TIMESTAMP '2024-03-28 15:00:00', TIMESTAMP '2024-06-01 17:00:00', 'INFOR031', '12444444C');
INSERT INTO CLASES.CURSOS (N_CURSO, FECHA_INICIO, FECHA_FIN, COD_CURSO, NIF_PROFESOR) VALUES (433, TIMESTAMP '2024-03-10 17:00:00', TIMESTAMP '2024-03-31 19:00:00', 'OFICG001', '12000000B');
INSERT INTO CLASES.CURSOS (N_CURSO, FECHA_INICIO, FECHA_FIN, COD_CURSO, NIF_PROFESOR) VALUES (451, TIMESTAMP '2024-04-07 18:30:00', TIMESTAMP '2024-04-25 20:30:00', 'OFICG001', '12000000B');
INSERT INTO CLASES.CURSOS (N_CURSO, FECHA_INICIO, FECHA_FIN, COD_CURSO, NIF_PROFESOR) VALUES (455, TIMESTAMP '2024-05-04 09:00:00', TIMESTAMP '2024-06-02 11:30:00', 'INFOR021', '12444444C');
INSERT INTO CLASES.CURSOS (N_CURSO, FECHA_INICIO, FECHA_FIN, COD_CURSO, NIF_PROFESOR) VALUES (521, TIMESTAMP '2024-06-04 16:00:00', TIMESTAMP '2024-06-28 18:00:00', 'DSNGR009', '71656565U');
INSERT INTO CLASES.CURSOS (N_CURSO, FECHA_INICIO, FECHA_FIN, COD_CURSO, NIF_PROFESOR) VALUES (534, TIMESTAMP '2024-11-26 19:00:00', TIMESTAMP '2024-03-24 22:00:00', null, null);
INSERT INTO CLASES.CURSOS (N_CURSO, FECHA_INICIO, FECHA_FIN, COD_CURSO, NIF_PROFESOR) VALUES (543, TIMESTAMP '2024-11-26 21:00:00', TIMESTAMP '2024-03-24 23:00:00', null, null);

INSERT INTO CLASES.ALUMNOS (NIF, NOMBRE, APELLIDO1, APELLIDO2, DIRECCION, TELEFONO, EDAD, CIF) VALUES ('12030430A', 'Vanesa', 'Megino', 'Sánchez', 'c Abril 1', null, 20, '13000000J');
INSERT INTO CLASES.ALUMNOS (NIF, NOMBRE, APELLIDO1, APELLIDO2, DIRECCION, TELEFONO, EDAD, CIF) VALUES ('12049558B', 'Luis', 'Abadía', 'Castrourdiales', 'c Mayor 45', '979721215', 35, '18000000Z');
INSERT INTO CLASES.ALUMNOS (NIF, NOMBRE, APELLIDO1, APELLIDO2, DIRECCION, TELEFONO, EDAD, CIF) VALUES ('12080980C', 'Luisa', 'Calvo', 'Calvo', 'Avda Cardenal Cisneros 25', '979100011', 63, '20000000L');
INSERT INTO CLASES.ALUMNOS (NIF, NOMBRE, APELLIDO1, APELLIDO2, DIRECCION, TELEFONO, EDAD, CIF) VALUES ('12162777D', 'Mercedes', 'Aragón', 'Cantor', 'c Clavel 3', '979700123', 54, '18000000Z');
INSERT INTO CLASES.ALUMNOS (NIF, NOMBRE, APELLIDO1, APELLIDO2, DIRECCION, TELEFONO, EDAD, CIF) VALUES ('12178979E', 'Laura', 'Albero', 'Siniestra', 'Avda República Argentina 6', null, 45, '19000000H');
INSERT INTO CLASES.ALUMNOS (NIF, NOMBRE, APELLIDO1, APELLIDO2, DIRECCION, TELEFONO, EDAD, CIF) VALUES ('12213987F', 'Matías', 'Hierro', 'Amo', 'c menéndez Pidal 7', '979700231', 38, '12000000H');
INSERT INTO CLASES.ALUMNOS (NIF, NOMBRE, APELLIDO1, APELLIDO2, DIRECCION, TELEFONO, EDAD, CIF) VALUES ('12239347G', 'Esperanza', 'Castro', 'González', 'Carretera del Monte s/n', '979711635', 33, '12000000H');
INSERT INTO CLASES.ALUMNOS (NIF, NOMBRE, APELLIDO1, APELLIDO2, DIRECCION, TELEFONO, EDAD, CIF) VALUES ('X2312908H', 'Clarisa', 'Matachel', 'Garrido', 'C Tello Téllez 4', '639272777', 38, '19000000H');
INSERT INTO CLASES.ALUMNOS (NIF, NOMBRE, APELLIDO1, APELLIDO2, DIRECCION, TELEFONO, EDAD, CIF) VALUES ('X2323844I', 'Jaime', 'López', 'Herrero', 'Avda Cardenal cisneros 15', '979725454', 46, '13000000J');
INSERT INTO CLASES.ALUMNOS (NIF, NOMBRE, APELLIDO1, APELLIDO2, DIRECCION, TELEFONO, EDAD, CIF) VALUES ('12324372J', 'Marisol', 'Triana', 'Crespo', 'Paseo del Otero 2', '979741716', 22, '09000000A');
INSERT INTO CLASES.ALUMNOS (NIF, NOMBRE, APELLIDO1, APELLIDO2, DIRECCION, TELEFONO, EDAD, CIF) VALUES ('12341222K', 'Pura', 'Abadía', 'Sánchez', 'C Valentín Calderón 12', null, 24, '12000000H');
INSERT INTO CLASES.ALUMNOS (NIF, NOMBRE, APELLIDO1, APELLIDO2, DIRECCION, TELEFONO, EDAD, CIF) VALUES ('12343647L', 'Rául', 'Baños', 'Del Mesón', 'C Mayor 26', null, 48, '12000000H');
INSERT INTO CLASES.ALUMNOS (NIF, NOMBRE, APELLIDO1, APELLIDO2, DIRECCION, TELEFONO, EDAD, CIF) VALUES ('12345678M', 'Jaime', 'Seco', 'Maestro', 'C Mayor 55', '979723451', 24, '17000000K');
INSERT INTO CLASES.ALUMNOS (NIF, NOMBRE, APELLIDO1, APELLIDO2, DIRECCION, TELEFONO, EDAD, CIF) VALUES ('12347847N', 'Marisa', 'Sánchez', 'Gonzalez', 'Paseo de San José 2', '979703918', 35, '18000000Z');
INSERT INTO CLASES.ALUMNOS (NIF, NOMBRE, APELLIDO1, APELLIDO2, DIRECCION, TELEFONO, EDAD, CIF) VALUES ('12354488O', 'Antonio', 'Vallejo', 'Giner', 'Avda Valladolid 18', '979741625', 27, '18000000Z');
INSERT INTO CLASES.ALUMNOS (NIF, NOMBRE, APELLIDO1, APELLIDO2, DIRECCION, TELEFONO, EDAD, CIF) VALUES ('Y2354545P', 'Ana María', 'Abadía', 'Castrourdiales', 'c Ferrocarril 2', '979725438', 46, '19000000H');
INSERT INTO CLASES.ALUMNOS (NIF, NOMBRE, APELLIDO1, APELLIDO2, DIRECCION, TELEFONO, EDAD, CIF) VALUES ('12364646Q', 'Antonio', 'Sánchez', 'Fernández', 'Avda Castilla 15', '979730916', 62, '12000000H');
INSERT INTO CLASES.ALUMNOS (NIF, NOMBRE, APELLIDO1, APELLIDO2, DIRECCION, TELEFONO, EDAD, CIF) VALUES ('12377474Q', 'Jana', 'Hernandez', 'Viejo', 'Avda Vacceos 13', '979722722', 33, '09000000A');
INSERT INTO CLASES.ALUMNOS (NIF, NOMBRE, APELLIDO1, APELLIDO2, DIRECCION, TELEFONO, EDAD, CIF) VALUES ('12384767R', 'Maite', 'Bermejo', 'Sonsalve', 'C mayor 12', '659878787', 26, '21200000U');
INSERT INTO CLASES.ALUMNOS (NIF, NOMBRE, APELLIDO1, APELLIDO2, DIRECCION, TELEFONO, EDAD, CIF) VALUES ('12387475S', 'Luis', 'Pérez', 'Cristo', 'c Mayor Antigua 11', '979731725', 24, '11000000G');
INSERT INTO CLASES.ALUMNOS (NIF, NOMBRE, APELLIDO1, APELLIDO2, DIRECCION, TELEFONO, EDAD, CIF) VALUES ('12434355T', 'Mari Carmen', 'Sánchez', 'Sánchez', 'C La Cestilla 12', null, 24, '11000000G');
INSERT INTO CLASES.ALUMNOS (NIF, NOMBRE, APELLIDO1, APELLIDO2, DIRECCION, TELEFONO, EDAD, CIF) VALUES ('12434754U', 'María Teresa', 'Alonso', 'Hierro', 'Plaza Rabi Sem Top 1', '979741625', 46, '19000000H');
INSERT INTO CLASES.ALUMNOS (NIF, NOMBRE, APELLIDO1, APELLIDO2, DIRECCION, TELEFONO, EDAD, CIF) VALUES ('12564722V', 'Marcos', 'Asensio', 'Castro', 'Plaza Mayor 11', '979712221', 32, '19000000H');
INSERT INTO CLASES.ALUMNOS (NIF, NOMBRE, APELLIDO1, APELLIDO2, DIRECCION, TELEFONO, EDAD, CIF) VALUES ('12567733W', 'Carla', 'Edberg', 'MacGregorg', 'plaza de León 7', '979732101', 33, '12000000H');
INSERT INTO CLASES.ALUMNOS (NIF, NOMBRE, APELLIDO1, APELLIDO2, DIRECCION, TELEFONO, EDAD, CIF) VALUES ('12654424X', 'Pablo', 'Varilla', 'Sánchez', 'Avda Santander 11', '979712222', 61, '18000000Z');
INSERT INTO CLASES.ALUMNOS (NIF, NOMBRE, APELLIDO1, APELLIDO2, DIRECCION, TELEFONO, EDAD, CIF) VALUES ('12776767Y', 'Pedro', 'Pérez', 'Sánchez', 'Avda Asturias 11', '979723456', 43, '17000000K');
INSERT INTO CLASES.ALUMNOS (NIF, NOMBRE, APELLIDO1, APELLIDO2, DIRECCION, TELEFONO, EDAD, CIF) VALUES ('12890374Z', 'Miguel', 'Díez', 'Hueso', 'Avda Madrid 12', '979878882', 55, '21200000U');
INSERT INTO CLASES.ALUMNOS (NIF, NOMBRE, APELLIDO1, APELLIDO2, DIRECCION, TELEFONO, EDAD, CIF) VALUES ('21254545A', 'Eloisa', 'Caballero', 'Jiménez', 'Avda Modesto Lafuente 11', '979712543', 35, '18000000Z');
INSERT INTO CLASES.ALUMNOS (NIF, NOMBRE, APELLIDO1, APELLIDO2, DIRECCION, TELEFONO, EDAD, CIF) VALUES ('21394854B', 'Lucía', 'Sánchez', 'Bueno', 'C Clavel 13', '979733637', 57, '19000000H');
INSERT INTO CLASES.ALUMNOS (NIF, NOMBRE, APELLIDO1, APELLIDO2, DIRECCION, TELEFONO, EDAD, CIF) VALUES ('X1721897C', 'Pedro', 'Juárez', 'Mencía', 'paseo Frailes 1', '979701234', 19, '21200000U');
INSERT INTO CLASES.ALUMNOS (NIF, NOMBRE, APELLIDO1, APELLIDO2, DIRECCION, TELEFONO, EDAD, CIF) VALUES ('22383278D', 'Jorge Luis', 'Andérez', 'Sánchez', 'C Mayor 17', '979728889', 62, '17000000K');
INSERT INTO CLASES.ALUMNOS (NIF, NOMBRE, APELLIDO1, APELLIDO2, DIRECCION, TELEFONO, EDAD, CIF) VALUES ('23436478E', 'Alfredo', 'Sebastián', 'Hernández', 'Avda Castilla 11', '979738748', 35, '11000000G');
INSERT INTO CLASES.ALUMNOS (NIF, NOMBRE, APELLIDO1, APELLIDO2, DIRECCION, TELEFONO, EDAD, CIF) VALUES ('Y3438789F', 'Marte', 'Bentura', 'Arístide', 'Paseo del Otero 4', '979723788', 25, '18000000Z');
INSERT INTO CLASES.ALUMNOS (NIF, NOMBRE, APELLIDO1, APELLIDO2, DIRECCION, TELEFONO, EDAD, CIF) VALUES ('23462378G', 'Johann', 'Mazukelle', 'Nburu', 'Avda Santander 36', '978932399', 61, '18000000Z');
INSERT INTO CLASES.ALUMNOS (NIF, NOMBRE, APELLIDO1, APELLIDO2, DIRECCION, TELEFONO, EDAD, CIF) VALUES ('23687236H', 'Venus', 'Bentura', 'Arístide', 'Paseo del Otero 4', '979723788', 23, '18000000Z');
INSERT INTO CLASES.ALUMNOS (NIF, NOMBRE, APELLIDO1, APELLIDO2, DIRECCION, TELEFONO, EDAD, CIF) VALUES ('24734484I', 'Javier', 'Rodríguez', 'López', 'Avda Santander 12', '979702950', 68, '17000000K');
INSERT INTO CLASES.ALUMNOS (NIF, NOMBRE, APELLIDO1, APELLIDO2, DIRECCION, TELEFONO, EDAD, CIF) VALUES ('26343287J', 'Arancha', 'Luanco', 'De Cea', 'C Tello Téllez 12', '645488458', 57, null);
INSERT INTO CLASES.ALUMNOS (NIF, NOMBRE, APELLIDO1, APELLIDO2, DIRECCION, TELEFONO, EDAD, CIF) VALUES ('32623782K', 'Matilde', 'Sánchez', 'Herrero', 'Avda Asturias 3', '654874578', 42, '17000000K');
INSERT INTO CLASES.ALUMNOS (NIF, NOMBRE, APELLIDO1, APELLIDO2, DIRECCION, TELEFONO, EDAD, CIF) VALUES ('34263248L', 'Alicia', 'Martín', 'Mondragón', 'C Eras del Bosque 3', '979718188', 21, '12000000H');
INSERT INTO CLASES.ALUMNOS (NIF, NOMBRE, APELLIDO1, APELLIDO2, DIRECCION, TELEFONO, EDAD, CIF) VALUES ('34436778M', 'Agapito', 'Bentura', 'Fontecha', 'Paseo del Otero 4', '979723788', 52, '18000000Z');
INSERT INTO CLASES.ALUMNOS (NIF, NOMBRE, APELLIDO1, APELLIDO2, DIRECCION, TELEFONO, EDAD, CIF) VALUES ('34543545N', 'Mario', 'Castrejón', 'Hernández', 'c padilla 11', '979754544', 44, '19000000H');
INSERT INTO CLASES.ALUMNOS (NIF, NOMBRE, APELLIDO1, APELLIDO2, DIRECCION, TELEFONO, EDAD, CIF) VALUES ('43267437O', 'Victoria', 'Laguardia', 'Cabello', 'Avda Castilla 11', '979738748', 32, '18000000Z');
INSERT INTO CLASES.ALUMNOS (NIF, NOMBRE, APELLIDO1, APELLIDO2, DIRECCION, TELEFONO, EDAD, CIF) VALUES ('43643785P', 'Mercurio', 'Bentura', 'Arístide', 'Paseo del Otero 4', '979723788', 22, '18000000Z');
INSERT INTO CLASES.ALUMNOS (NIF, NOMBRE, APELLIDO1, APELLIDO2, DIRECCION, TELEFONO, EDAD, CIF) VALUES ('43734348Q', 'Pedro', 'García', 'García', 'C La Iglesia 3', '979777727', 32, '11000000G');
INSERT INTO CLASES.ALUMNOS (NIF, NOMBRE, APELLIDO1, APELLIDO2, DIRECCION, TELEFONO, EDAD, CIF) VALUES ('43763478R', 'Clara', 'Crespo', 'Luzón', 'Avda Asturias 3', null, 45, '18000000Z');
INSERT INTO CLASES.ALUMNOS (NIF, NOMBRE, APELLIDO1, APELLIDO2, DIRECCION, TELEFONO, EDAD, CIF) VALUES ('45678091S', 'Ricardo', 'Ansón', 'Pérez', 'c Mayor 13', '979771234', 21, '09000000A');
INSERT INTO CLASES.ALUMNOS (NIF, NOMBRE, APELLIDO1, APELLIDO2, DIRECCION, TELEFONO, EDAD, CIF) VALUES ('54234111T', 'Luisa', 'Abadía', 'Sánchez', 'c Mayor 13', '979751230', 62, '12000000H');
INSERT INTO CLASES.ALUMNOS (NIF, NOMBRE, APELLIDO1, APELLIDO2, DIRECCION, TELEFONO, EDAD, CIF) VALUES ('54675477U', 'Ivan', 'Nefedov', 'Raminski', 'Avda Modesto Lafuente 11', '979666666', 40, '13000000J');
INSERT INTO CLASES.ALUMNOS (NIF, NOMBRE, APELLIDO1, APELLIDO2, DIRECCION, TELEFONO, EDAD, CIF) VALUES ('71327389V', 'Alberto', 'Guerra', 'Sinés', 'c Balmes 13', '659871872', 21, null);
INSERT INTO CLASES.ALUMNOS (NIF, NOMBRE, APELLIDO1, APELLIDO2, DIRECCION, TELEFONO, EDAD, CIF) VALUES ('71763276W', 'Carola', 'Lombardi', 'Sewiss', 'Avda República Argentina 27', '759672666', 23, null);
INSERT INTO CLASES.ALUMNOS (NIF, NOMBRE, APELLIDO1, APELLIDO2, DIRECCION, TELEFONO, EDAD, CIF) VALUES ('73628362X', 'Jaime', 'Vega', 'Saldaña', 'c Mayor 25', '727672666', 32, '19000000H');
INSERT INTO CLASES.ALUMNOS (NIF, NOMBRE, APELLIDO1, APELLIDO2, DIRECCION, TELEFONO, EDAD, CIF) VALUES ('Y6782637Y', 'Maia', 'Jaúregi', 'Mendizábal', 'C Juan Bravo 7', '733451987', 39, '18000000Z');

INSERT INTO CLASES.ASISTIR (NIF, N_CURSO, NOTA) VALUES ('12030430A', 301, 7.50);
INSERT INTO CLASES.ASISTIR (NIF, N_CURSO, NOTA) VALUES ('12049558B', 301, 6.25);
INSERT INTO CLASES.ASISTIR (NIF, N_CURSO, NOTA) VALUES ('12080980C', 401, 8.50);
INSERT INTO CLASES.ASISTIR (NIF, N_CURSO, NOTA) VALUES ('12080980C', 402, null);
INSERT INTO CLASES.ASISTIR (NIF, N_CURSO, NOTA) VALUES ('12162777D', 433, null);
INSERT INTO CLASES.ASISTIR (NIF, N_CURSO, NOTA) VALUES ('12162777D', 521, null);
INSERT INTO CLASES.ASISTIR (NIF, N_CURSO, NOTA) VALUES ('12178979E', 401, 6.75);
INSERT INTO CLASES.ASISTIR (NIF, N_CURSO, NOTA) VALUES ('12178979E', 433, null);
INSERT INTO CLASES.ASISTIR (NIF, N_CURSO, NOTA) VALUES ('12239347G', 401, 9.00);
INSERT INTO CLASES.ASISTIR (NIF, N_CURSO, NOTA) VALUES ('12239347G', 402, null);
INSERT INTO CLASES.ASISTIR (NIF, N_CURSO, NOTA) VALUES ('X2323844I', 301, 5.75);
INSERT INTO CLASES.ASISTIR (NIF, N_CURSO, NOTA) VALUES ('12324372J', 401, 6.70);
INSERT INTO CLASES.ASISTIR (NIF, N_CURSO, NOTA) VALUES ('12341222K', 402, null);
INSERT INTO CLASES.ASISTIR (NIF, N_CURSO, NOTA) VALUES ('12343647L', 433, null);
INSERT INTO CLASES.ASISTIR (NIF, N_CURSO, NOTA) VALUES ('12345678M', 301, 5.50);
INSERT INTO CLASES.ASISTIR (NIF, N_CURSO, NOTA) VALUES ('12345678M', 521, null);
INSERT INTO CLASES.ASISTIR (NIF, N_CURSO, NOTA) VALUES ('12347847N', 301, 6.50);
INSERT INTO CLASES.ASISTIR (NIF, N_CURSO, NOTA) VALUES ('12347847N', 521, null);
INSERT INTO CLASES.ASISTIR (NIF, N_CURSO, NOTA) VALUES ('12354488O', 301, 8.50);
INSERT INTO CLASES.ASISTIR (NIF, N_CURSO, NOTA) VALUES ('12354488O', 401, 8.20);
INSERT INTO CLASES.ASISTIR (NIF, N_CURSO, NOTA) VALUES ('Y2354545P', 301, 9.00);
INSERT INTO CLASES.ASISTIR (NIF, N_CURSO, NOTA) VALUES ('12364646Q', 301, 9.50);
INSERT INTO CLASES.ASISTIR (NIF, N_CURSO, NOTA) VALUES ('12364646Q', 521, null);
INSERT INTO CLASES.ASISTIR (NIF, N_CURSO, NOTA) VALUES ('12377474Q', 401, 6.45);
INSERT INTO CLASES.ASISTIR (NIF, N_CURSO, NOTA) VALUES ('12384767R', 433, null);
INSERT INTO CLASES.ASISTIR (NIF, N_CURSO, NOTA) VALUES ('12387475S', 403, 8.00);
INSERT INTO CLASES.ASISTIR (NIF, N_CURSO, NOTA) VALUES ('12434355T', 455, 5.25);
INSERT INTO CLASES.ASISTIR (NIF, N_CURSO, NOTA) VALUES ('12434754U', 403, 7.50);
INSERT INTO CLASES.ASISTIR (NIF, N_CURSO, NOTA) VALUES ('12564722V', 403, 8.25);
INSERT INTO CLASES.ASISTIR (NIF, N_CURSO, NOTA) VALUES ('12567733W', 403, 7.50);
INSERT INTO CLASES.ASISTIR (NIF, N_CURSO, NOTA) VALUES ('12654424X', 403, 9.00);
INSERT INTO CLASES.ASISTIR (NIF, N_CURSO, NOTA) VALUES ('12776767Y', 402, null);
INSERT INTO CLASES.ASISTIR (NIF, N_CURSO, NOTA) VALUES ('12776767Y', 433, null);
INSERT INTO CLASES.ASISTIR (NIF, N_CURSO, NOTA) VALUES ('12890374Z', 433, null);
INSERT INTO CLASES.ASISTIR (NIF, N_CURSO, NOTA) VALUES ('21254545A', 301, 6.50);
INSERT INTO CLASES.ASISTIR (NIF, N_CURSO, NOTA) VALUES ('21394854B', 301, 9.50);
INSERT INTO CLASES.ASISTIR (NIF, N_CURSO, NOTA) VALUES ('21394854B', 401, 6.25);
INSERT INTO CLASES.ASISTIR (NIF, N_CURSO, NOTA) VALUES ('X1721897C', 521, null);
INSERT INTO CLASES.ASISTIR (NIF, N_CURSO, NOTA) VALUES ('23436478E', 455, 6.75);
INSERT INTO CLASES.ASISTIR (NIF, N_CURSO, NOTA) VALUES ('Y3438789F', 451, null);
INSERT INTO CLASES.ASISTIR (NIF, N_CURSO, NOTA) VALUES ('Y3438789F', 432, null);
INSERT INTO CLASES.ASISTIR (NIF, N_CURSO, NOTA) VALUES ('23462378G', 451, null);
INSERT INTO CLASES.ASISTIR (NIF, N_CURSO, NOTA) VALUES ('23687236H', 451, null);
INSERT INTO CLASES.ASISTIR (NIF, N_CURSO, NOTA) VALUES ('24734484I', 402, null);
INSERT INTO CLASES.ASISTIR (NIF, N_CURSO, NOTA) VALUES ('24734484I', 403, 6.75);
INSERT INTO CLASES.ASISTIR (NIF, N_CURSO, NOTA) VALUES ('32623782K', 402, null);
INSERT INTO CLASES.ASISTIR (NIF, N_CURSO, NOTA) VALUES ('34263248L', 401, 8.50);
INSERT INTO CLASES.ASISTIR (NIF, N_CURSO, NOTA) VALUES ('34436778M', 401, 8.75);
INSERT INTO CLASES.ASISTIR (NIF, N_CURSO, NOTA) VALUES ('34436778M', 451, null);
INSERT INTO CLASES.ASISTIR (NIF, N_CURSO, NOTA) VALUES ('34543545N', 433, null);
INSERT INTO CLASES.ASISTIR (NIF, N_CURSO, NOTA) VALUES ('43267437O', 455, 9.50);
INSERT INTO CLASES.ASISTIR (NIF, N_CURSO, NOTA) VALUES ('43643785P', 451, null);
INSERT INTO CLASES.ASISTIR (NIF, N_CURSO, NOTA) VALUES ('43734348Q', 401, null);
INSERT INTO CLASES.ASISTIR (NIF, N_CURSO, NOTA) VALUES ('43734348Q', 402, 5.75);
INSERT INTO CLASES.ASISTIR (NIF, N_CURSO, NOTA) VALUES ('43734348Q', 455, 5.75);
INSERT INTO CLASES.ASISTIR (NIF, N_CURSO, NOTA) VALUES ('43763478R', 402, null);
INSERT INTO CLASES.ASISTIR (NIF, N_CURSO, NOTA) VALUES ('45678091S', 403, 7.00);
INSERT INTO CLASES.ASISTIR (NIF, N_CURSO, NOTA) VALUES ('45678091S', 432, null);
INSERT INTO CLASES.ASISTIR (NIF, N_CURSO, NOTA) VALUES ('54234111T', 451, null);
INSERT INTO CLASES.ASISTIR (NIF, N_CURSO, NOTA) VALUES ('54234111T', 521, null);
INSERT INTO CLASES.ASISTIR (NIF, N_CURSO, NOTA) VALUES ('73628362X', 451, null);
INSERT INTO CLASES.ASISTIR (NIF, N_CURSO, NOTA) VALUES ('Y6782637Y', 451, null);

commit;