
CREATE USER FUTBOL IDENTIFIED BY "Herrera2024_" DEFAULT TABLESPACE DATA QUOTA 50M ON DATA ;
GRANT CONNECT, RESOURCE, CREATE VIEW, CREATE MATERIALIZED VIEW TO FUTBOL;

CREATE TABLE futbol.equipos(
  id_equipo NUMBER(2) CONSTRAINT equipos_pk PRIMARY KEY,
  nombre VARCHAR2(50) CONSTRAINT equipos_uk1 UNIQUE
     CONSTRAINT equipos_nn1 NOT NULL,
  estadio VARCHAR2(50) CONSTRAINT equipos_uk2 UNIQUE,
  aforo NUMBER(6),
  ano_fundacion NUMBER(4),
  ciudad VARCHAR2(50) CONSTRAINT equipos_nn2 NOT NULL
);

CREATE TABLE futbol.jugadores(
   id_jugador NUMBER(3) CONSTRAINT jugadores_pk PRIMARY KEY,
   nombre VARCHAR2(50) CONSTRAINT jugadores_nn NOT NULL,
   fecha_nac DATE,
   id_equipo NUMBER(2) CONSTRAINT jugadores_fk REFERENCES futbol.equipos
      ON DELETE SET NULL
);

CREATE TABLE futbol.partidos(
   id_equipo_casa NUMBER(2) CONSTRAINT partidos_fk1 REFERENCES futbol.equipos
        ON DELETE CASCADE,
   id_equipo_fuera NUMBER(2) CONSTRAINT partidos_fk2
        REFERENCES futbol.EQUIPOS ON DELETE CASCADE,
   fecha TIMESTAMP,
   goles_casa NUMBER(2),
   goles_fuera NUMBER(2),
   observaciones VARCHAR2(2000),
   CONSTRAINT partidos_pk
      PRIMARY KEY(id_equipo_casa, id_equipo_fuera),
   CONSTRAINT partidos_ck CHECK(id_equipo_casa!=id_equipo_fuera)
);

CREATE TABLE futbol.goles(
   id_equipo_casa NUMBER(2),
   id_equipo_fuera NUMBER(2),
   minuto INTERVAL DAY TO SECOND,
   descripcion VARCHAR2(2000),
   id_jugador NUMBER(3) CONSTRAINT goles_fk2 REFERENCES futbol.jugadores ON DELETE CASCADE,
   CONSTRAINT goles_fk1 FOREIGN KEY(id_equipo_casa, id_equipo_fuera)
         REFERENCES futbol.partidos(id_equipo_casa, id_equipo_fuera)
            ON DELETE CASCADE,
   CONSTRAINT goles_pk
            PRIMARY KEY(id_equipo_casa, id_equipo_fuera,minuto)
);



INSERT INTO FUTBOL.EQUIPOS (ID_EQUIPO, NOMBRE, ESTADIO, AFORO, ANO_FUNDACION, CIUDAD) VALUES (5, 'Sporting Chotacabras', 'El pájaro Azul', 900, 1970, 'Chotacabras del valle');
INSERT INTO FUTBOL.EQUIPOS (ID_EQUIPO, NOMBRE, ESTADIO, AFORO, ANO_FUNDACION, CIUDAD) VALUES (6, 'Vallestrecho C.F.', 'El Panal', 200, 1989, 'Villa del vallestrecho');
INSERT INTO FUTBOL.EQUIPOS (ID_EQUIPO, NOMBRE, ESTADIO, AFORO, ANO_FUNDACION, CIUDAD) VALUES (7, 'Tornado F.C.', 'Iván Rejón', 2800, 1932, 'Sagra del vallestrecho');
INSERT INTO FUTBOL.EQUIPOS (ID_EQUIPO, NOMBRE, ESTADIO, AFORO, ANO_FUNDACION, CIUDAD) VALUES (8, 'Real Minero', 'Los mineros', 1850, 1935, 'Villaverde del monte');
INSERT INTO FUTBOL.EQUIPOS (ID_EQUIPO, NOMBRE, ESTADIO, AFORO, ANO_FUNDACION, CIUDAD) VALUES (1, 'Retortillo de abajo', 'Los pinares', 1200, 1960, 'Retortillo de abajo');
INSERT INTO FUTBOL.EQUIPOS (ID_EQUIPO, NOMBRE, ESTADIO, AFORO, ANO_FUNDACION, CIUDAD) VALUES (2, 'Villatortas F.C.', 'San Isidro', 3500, 1970, 'Villatortas');
INSERT INTO FUTBOL.EQUIPOS (ID_EQUIPO, NOMBRE, ESTADIO, AFORO, ANO_FUNDACION, CIUDAD) VALUES (3, 'Athletic Formeñosa', 'La Huerta', 350, 1963, 'Formeñosa');
INSERT INTO FUTBOL.EQUIPOS (ID_EQUIPO, NOMBRE, ESTADIO, AFORO, ANO_FUNDACION, CIUDAD) VALUES (4, 'Valdeajos', 'Municipal de valdeajos', 2100, 1962, 'Valdeajos');
commit;



INSERT INTO FUTBOL.JUGADORES (ID_JUGADOR, NOMBRE, FECHA_NAC, ID_EQUIPO) VALUES (45, 'Quijano', DATE '1998-04-13', 5);
INSERT INTO FUTBOL.JUGADORES (ID_JUGADOR, NOMBRE, FECHA_NAC, ID_EQUIPO) VALUES (46, 'Arrieri', DATE '2004-03-12', 5);
INSERT INTO FUTBOL.JUGADORES (ID_JUGADOR, NOMBRE, FECHA_NAC, ID_EQUIPO) VALUES (47, 'Ricardo', DATE '1995-01-12', 5);
INSERT INTO FUTBOL.JUGADORES (ID_JUGADOR, NOMBRE, FECHA_NAC, ID_EQUIPO) VALUES (48, 'Tejero', DATE '1993-11-20', 5);
INSERT INTO FUTBOL.JUGADORES (ID_JUGADOR, NOMBRE, FECHA_NAC, ID_EQUIPO) VALUES (49, 'Marquina', DATE '1993-11-20', 5);
INSERT INTO FUTBOL.JUGADORES (ID_JUGADOR, NOMBRE, FECHA_NAC, ID_EQUIPO) VALUES (50, 'Zuloaga', DATE '1985-12-30', 5);
INSERT INTO FUTBOL.JUGADORES (ID_JUGADOR, NOMBRE, FECHA_NAC, ID_EQUIPO) VALUES (51, 'Castro', DATE '1996-02-01', 5);
INSERT INTO FUTBOL.JUGADORES (ID_JUGADOR, NOMBRE, FECHA_NAC, ID_EQUIPO) VALUES (52, 'Sastre', DATE '2003-06-19', 5);
INSERT INTO FUTBOL.JUGADORES (ID_JUGADOR, NOMBRE, FECHA_NAC, ID_EQUIPO) VALUES (53, 'Perez Tapias', DATE '1990-09-11', 5);
INSERT INTO FUTBOL.JUGADORES (ID_JUGADOR, NOMBRE, FECHA_NAC, ID_EQUIPO) VALUES (54, 'Callejas', DATE '1997-03-02', 5);
INSERT INTO FUTBOL.JUGADORES (ID_JUGADOR, NOMBRE, FECHA_NAC, ID_EQUIPO) VALUES (55, 'Canalejas', DATE '1990-07-08', 5);
INSERT INTO FUTBOL.JUGADORES (ID_JUGADOR, NOMBRE, FECHA_NAC, ID_EQUIPO) VALUES (56, 'Tui', DATE '1992-07-19', 6);
INSERT INTO FUTBOL.JUGADORES (ID_JUGADOR, NOMBRE, FECHA_NAC, ID_EQUIPO) VALUES (57, 'Carvañedo', DATE '1995-10-12', 6);
INSERT INTO FUTBOL.JUGADORES (ID_JUGADOR, NOMBRE, FECHA_NAC, ID_EQUIPO) VALUES (58, 'Colina', DATE '1996-05-17', 6);
INSERT INTO FUTBOL.JUGADORES (ID_JUGADOR, NOMBRE, FECHA_NAC, ID_EQUIPO) VALUES (59, 'Salguera', DATE '2004-02-29', 6);
INSERT INTO FUTBOL.JUGADORES (ID_JUGADOR, NOMBRE, FECHA_NAC, ID_EQUIPO) VALUES (60, 'Santiago', DATE '1995-01-01', 6);
INSERT INTO FUTBOL.JUGADORES (ID_JUGADOR, NOMBRE, FECHA_NAC, ID_EQUIPO) VALUES (61, 'Perez Chico', DATE '2002-12-13', 6);
INSERT INTO FUTBOL.JUGADORES (ID_JUGADOR, NOMBRE, FECHA_NAC, ID_EQUIPO) VALUES (62, 'Guillez', DATE '1992-05-12', 6);
INSERT INTO FUTBOL.JUGADORES (ID_JUGADOR, NOMBRE, FECHA_NAC, ID_EQUIPO) VALUES (63, 'Urones', DATE '1989-12-21', 6);
INSERT INTO FUTBOL.JUGADORES (ID_JUGADOR, NOMBRE, FECHA_NAC, ID_EQUIPO) VALUES (64, 'Calaveig', DATE '2001-01-22', 6);
INSERT INTO FUTBOL.JUGADORES (ID_JUGADOR, NOMBRE, FECHA_NAC, ID_EQUIPO) VALUES (65, 'Robledo', DATE '1995-01-01', 6);
INSERT INTO FUTBOL.JUGADORES (ID_JUGADOR, NOMBRE, FECHA_NAC, ID_EQUIPO) VALUES (66, 'Izagirre', DATE '1998-07-03', 6);
INSERT INTO FUTBOL.JUGADORES (ID_JUGADOR, NOMBRE, FECHA_NAC, ID_EQUIPO) VALUES (67, 'Pedrosa', DATE '1990-05-12', 7);
INSERT INTO FUTBOL.JUGADORES (ID_JUGADOR, NOMBRE, FECHA_NAC, ID_EQUIPO) VALUES (68, 'Carredo', DATE '1999-05-15', 7);
INSERT INTO FUTBOL.JUGADORES (ID_JUGADOR, NOMBRE, FECHA_NAC, ID_EQUIPO) VALUES (69, 'Pesquera', DATE '1995-09-23', 7);
INSERT INTO FUTBOL.JUGADORES (ID_JUGADOR, NOMBRE, FECHA_NAC, ID_EQUIPO) VALUES (70, 'Luisán', DATE '2003-08-12', 7);
INSERT INTO FUTBOL.JUGADORES (ID_JUGADOR, NOMBRE, FECHA_NAC, ID_EQUIPO) VALUES (71, 'Sandro', DATE '1996-08-19', 7);
INSERT INTO FUTBOL.JUGADORES (ID_JUGADOR, NOMBRE, FECHA_NAC, ID_EQUIPO) VALUES (72, 'Prieto', DATE '2001-07-03', 7);
INSERT INTO FUTBOL.JUGADORES (ID_JUGADOR, NOMBRE, FECHA_NAC, ID_EQUIPO) VALUES (73, 'Coslada', DATE '1996-08-20', 7);
INSERT INTO FUTBOL.JUGADORES (ID_JUGADOR, NOMBRE, FECHA_NAC, ID_EQUIPO) VALUES (74, 'Rufino', DATE '1988-02-11', 7);
INSERT INTO FUTBOL.JUGADORES (ID_JUGADOR, NOMBRE, FECHA_NAC, ID_EQUIPO) VALUES (75, 'Felipez', DATE '2003-07-17', 7);
INSERT INTO FUTBOL.JUGADORES (ID_JUGADOR, NOMBRE, FECHA_NAC, ID_EQUIPO) VALUES (76, 'Carnero', DATE '1997-11-17', 7);
INSERT INTO FUTBOL.JUGADORES (ID_JUGADOR, NOMBRE, FECHA_NAC, ID_EQUIPO) VALUES (77, 'Rucio', DATE '1994-03-12', 7);
INSERT INTO FUTBOL.JUGADORES (ID_JUGADOR, NOMBRE, FECHA_NAC, ID_EQUIPO) VALUES (78, 'Ginés', DATE '2004-07-25', 7);
INSERT INTO FUTBOL.JUGADORES (ID_JUGADOR, NOMBRE, FECHA_NAC, ID_EQUIPO) VALUES (79, 'Bauer', DATE '2002-05-29', 8);
INSERT INTO FUTBOL.JUGADORES (ID_JUGADOR, NOMBRE, FECHA_NAC, ID_EQUIPO) VALUES (80, 'Gutiez', DATE '1996-03-13', 8);
INSERT INTO FUTBOL.JUGADORES (ID_JUGADOR, NOMBRE, FECHA_NAC, ID_EQUIPO) VALUES (81, 'Tejedor', DATE '1997-12-31', 8);
INSERT INTO FUTBOL.JUGADORES (ID_JUGADOR, NOMBRE, FECHA_NAC, ID_EQUIPO) VALUES (82, 'Ribao', DATE '2004-02-29', 8);
INSERT INTO FUTBOL.JUGADORES (ID_JUGADOR, NOMBRE, FECHA_NAC, ID_EQUIPO) VALUES (83, 'Peñas', DATE '2004-02-29', 8);
INSERT INTO FUTBOL.JUGADORES (ID_JUGADOR, NOMBRE, FECHA_NAC, ID_EQUIPO) VALUES (84, 'Almediez', DATE '1997-04-30', 8);
INSERT INTO FUTBOL.JUGADORES (ID_JUGADOR, NOMBRE, FECHA_NAC, ID_EQUIPO) VALUES (85, 'Carvajosa', DATE '1996-05-20', 8);
INSERT INTO FUTBOL.JUGADORES (ID_JUGADOR, NOMBRE, FECHA_NAC, ID_EQUIPO) VALUES (86, 'Leon Pablos', DATE '1993-06-27', 8);
INSERT INTO FUTBOL.JUGADORES (ID_JUGADOR, NOMBRE, FECHA_NAC, ID_EQUIPO) VALUES (87, 'San José', DATE '2001-08-29', 8);
INSERT INTO FUTBOL.JUGADORES (ID_JUGADOR, NOMBRE, FECHA_NAC, ID_EQUIPO) VALUES (88, 'Demetrio', DATE '1992-09-01', 8);
INSERT INTO FUTBOL.JUGADORES (ID_JUGADOR, NOMBRE, FECHA_NAC, ID_EQUIPO) VALUES (89, 'Borrell', DATE '1996-10-07', 8);
INSERT INTO FUTBOL.JUGADORES (ID_JUGADOR, NOMBRE, FECHA_NAC, ID_EQUIPO) VALUES (1, 'Alberto', DATE '1993-07-16', 1);
INSERT INTO FUTBOL.JUGADORES (ID_JUGADOR, NOMBRE, FECHA_NAC, ID_EQUIPO) VALUES (2, 'Diego', DATE '1998-08-16', 1);
INSERT INTO FUTBOL.JUGADORES (ID_JUGADOR, NOMBRE, FECHA_NAC, ID_EQUIPO) VALUES (3, 'José', DATE '1999-06-07', 1);
INSERT INTO FUTBOL.JUGADORES (ID_JUGADOR, NOMBRE, FECHA_NAC, ID_EQUIPO) VALUES (4, 'Díez Crespo', DATE '1995-09-03', 1);
INSERT INTO FUTBOL.JUGADORES (ID_JUGADOR, NOMBRE, FECHA_NAC, ID_EQUIPO) VALUES (5, 'Avellaneda', DATE '1998-06-30', 1);
INSERT INTO FUTBOL.JUGADORES (ID_JUGADOR, NOMBRE, FECHA_NAC, ID_EQUIPO) VALUES (6, 'Julianillo', DATE '2004-10-03', 1);
INSERT INTO FUTBOL.JUGADORES (ID_JUGADOR, NOMBRE, FECHA_NAC, ID_EQUIPO) VALUES (7, 'Redondela', DATE '1997-03-23', 1);
INSERT INTO FUTBOL.JUGADORES (ID_JUGADOR, NOMBRE, FECHA_NAC, ID_EQUIPO) VALUES (8, 'Casero', DATE '2003-04-07', 1);
INSERT INTO FUTBOL.JUGADORES (ID_JUGADOR, NOMBRE, FECHA_NAC, ID_EQUIPO) VALUES (9, 'Quirós', DATE '2004-03-22', 1);
INSERT INTO FUTBOL.JUGADORES (ID_JUGADOR, NOMBRE, FECHA_NAC, ID_EQUIPO) VALUES (10, 'Fonseca', DATE '1999-07-21', 1);
INSERT INTO FUTBOL.JUGADORES (ID_JUGADOR, NOMBRE, FECHA_NAC, ID_EQUIPO) VALUES (11, 'Lucín', DATE '2001-11-15', 1);
INSERT INTO FUTBOL.JUGADORES (ID_JUGADOR, NOMBRE, FECHA_NAC, ID_EQUIPO) VALUES (12, 'Pacheco', DATE '2004-03-17', 2);
INSERT INTO FUTBOL.JUGADORES (ID_JUGADOR, NOMBRE, FECHA_NAC, ID_EQUIPO) VALUES (13, 'Pablillo', DATE '2006-05-07', 2);
INSERT INTO FUTBOL.JUGADORES (ID_JUGADOR, NOMBRE, FECHA_NAC, ID_EQUIPO) VALUES (14, 'Sandrelli', DATE '2002-11-10', 2);
INSERT INTO FUTBOL.JUGADORES (ID_JUGADOR, NOMBRE, FECHA_NAC, ID_EQUIPO) VALUES (15, 'Caramiñán', DATE '2003-07-15', 2);
INSERT INTO FUTBOL.JUGADORES (ID_JUGADOR, NOMBRE, FECHA_NAC, ID_EQUIPO) VALUES (16, 'Sondíez', DATE '2007-06-05', 2);
INSERT INTO FUTBOL.JUGADORES (ID_JUGADOR, NOMBRE, FECHA_NAC, ID_EQUIPO) VALUES (17, 'Carrasco', DATE '2000-01-23', 2);
INSERT INTO FUTBOL.JUGADORES (ID_JUGADOR, NOMBRE, FECHA_NAC, ID_EQUIPO) VALUES (18, 'Rodríguez', DATE '2003-10-10', 2);
INSERT INTO FUTBOL.JUGADORES (ID_JUGADOR, NOMBRE, FECHA_NAC, ID_EQUIPO) VALUES (19, 'Mercena', DATE '2005-04-03', 2);
INSERT INTO FUTBOL.JUGADORES (ID_JUGADOR, NOMBRE, FECHA_NAC, ID_EQUIPO) VALUES (20, 'Frasco', DATE '2000-11-15', 2);
INSERT INTO FUTBOL.JUGADORES (ID_JUGADOR, NOMBRE, FECHA_NAC, ID_EQUIPO) VALUES (21, 'Carmona', DATE '2003-10-04', 2);
INSERT INTO FUTBOL.JUGADORES (ID_JUGADOR, NOMBRE, FECHA_NAC, ID_EQUIPO) VALUES (22, 'Velazquez', DATE '2000-04-06', 2);
INSERT INTO FUTBOL.JUGADORES (ID_JUGADOR, NOMBRE, FECHA_NAC, ID_EQUIPO) VALUES (23, 'Valdivia', DATE '1996-11-16', 3);
INSERT INTO FUTBOL.JUGADORES (ID_JUGADOR, NOMBRE, FECHA_NAC, ID_EQUIPO) VALUES (24, 'Francisco', DATE '1995-01-14', 3);
INSERT INTO FUTBOL.JUGADORES (ID_JUGADOR, NOMBRE, FECHA_NAC, ID_EQUIPO) VALUES (25, 'Casares', DATE '2000-08-27', 3);
INSERT INTO FUTBOL.JUGADORES (ID_JUGADOR, NOMBRE, FECHA_NAC, ID_EQUIPO) VALUES (26, 'Jofaina', DATE '1998-01-21', 3);
INSERT INTO FUTBOL.JUGADORES (ID_JUGADOR, NOMBRE, FECHA_NAC, ID_EQUIPO) VALUES (27, 'Santiago', DATE '2000-01-24', 3);
INSERT INTO FUTBOL.JUGADORES (ID_JUGADOR, NOMBRE, FECHA_NAC, ID_EQUIPO) VALUES (28, 'Zarate', DATE '2002-12-22', 3);
INSERT INTO FUTBOL.JUGADORES (ID_JUGADOR, NOMBRE, FECHA_NAC, ID_EQUIPO) VALUES (29, 'Solís', DATE '2006-06-05', 3);
INSERT INTO FUTBOL.JUGADORES (ID_JUGADOR, NOMBRE, FECHA_NAC, ID_EQUIPO) VALUES (30, 'Crespo', DATE '1995-11-19', 3);
INSERT INTO FUTBOL.JUGADORES (ID_JUGADOR, NOMBRE, FECHA_NAC, ID_EQUIPO) VALUES (31, 'Leresma', DATE '1995-12-22', 3);
INSERT INTO FUTBOL.JUGADORES (ID_JUGADOR, NOMBRE, FECHA_NAC, ID_EQUIPO) VALUES (32, 'Juárez', DATE '1998-03-25', 3);
INSERT INTO FUTBOL.JUGADORES (ID_JUGADOR, NOMBRE, FECHA_NAC, ID_EQUIPO) VALUES (33, 'Márquez', DATE '1998-05-31', 3);
INSERT INTO FUTBOL.JUGADORES (ID_JUGADOR, NOMBRE, FECHA_NAC, ID_EQUIPO) VALUES (34, 'Porras', DATE '2001-06-18', 4);
INSERT INTO FUTBOL.JUGADORES (ID_JUGADOR, NOMBRE, FECHA_NAC, ID_EQUIPO) VALUES (35, 'Paredes', DATE '1998-11-17', 4);
INSERT INTO FUTBOL.JUGADORES (ID_JUGADOR, NOMBRE, FECHA_NAC, ID_EQUIPO) VALUES (36, 'Delarrós', DATE '1999-08-30', 4);
INSERT INTO FUTBOL.JUGADORES (ID_JUGADOR, NOMBRE, FECHA_NAC, ID_EQUIPO) VALUES (37, 'Ramiro', DATE '2005-01-05', 4);
INSERT INTO FUTBOL.JUGADORES (ID_JUGADOR, NOMBRE, FECHA_NAC, ID_EQUIPO) VALUES (38, 'Gonzálvez', DATE '2006-01-23', 4);
INSERT INTO FUTBOL.JUGADORES (ID_JUGADOR, NOMBRE, FECHA_NAC, ID_EQUIPO) VALUES (39, 'Darbaño', DATE '1999-10-23', 4);
INSERT INTO FUTBOL.JUGADORES (ID_JUGADOR, NOMBRE, FECHA_NAC, ID_EQUIPO) VALUES (40, 'Luisón', DATE '1997-12-13', 4);
INSERT INTO FUTBOL.JUGADORES (ID_JUGADOR, NOMBRE, FECHA_NAC, ID_EQUIPO) VALUES (41, 'Carrasposa', DATE '2004-12-10', 4);
INSERT INTO FUTBOL.JUGADORES (ID_JUGADOR, NOMBRE, FECHA_NAC, ID_EQUIPO) VALUES (42, 'Serrano', DATE '1996-04-17', 4);
INSERT INTO FUTBOL.JUGADORES (ID_JUGADOR, NOMBRE, FECHA_NAC, ID_EQUIPO) VALUES (43, 'Unanu', DATE '2002-12-05', 4);
INSERT INTO FUTBOL.JUGADORES (ID_JUGADOR, NOMBRE, FECHA_NAC, ID_EQUIPO) VALUES (44, 'Narvaja', DATE '2004-01-11', 4);
commit;

INSERT INTO FUTBOL.PARTIDOS (ID_EQUIPO_CASA, ID_EQUIPO_FUERA, FECHA, GOLES_CASA, GOLES_FUERA, OBSERVACIONES) VALUES (5, 6, TIMESTAMP '2023-10-21 20:00:00.000000', 1, 0, 'Mucha lluvia');
INSERT INTO FUTBOL.PARTIDOS (ID_EQUIPO_CASA, ID_EQUIPO_FUERA, FECHA, GOLES_CASA, GOLES_FUERA, OBSERVACIONES) VALUES (7, 8, TIMESTAMP '2022-10-22 18:00:00.000000', 0, 0, null);
INSERT INTO FUTBOL.PARTIDOS (ID_EQUIPO_CASA, ID_EQUIPO_FUERA, FECHA, GOLES_CASA, GOLES_FUERA, OBSERVACIONES) VALUES (5, 7, TIMESTAMP '2023-10-28 18:00:00.000000', 0, 3, null);
INSERT INTO FUTBOL.PARTIDOS (ID_EQUIPO_CASA, ID_EQUIPO_FUERA, FECHA, GOLES_CASA, GOLES_FUERA, OBSERVACIONES) VALUES (6, 8, TIMESTAMP '2023-10-29 12:00:00.000000', 0, 2, null);
INSERT INTO FUTBOL.PARTIDOS (ID_EQUIPO_CASA, ID_EQUIPO_FUERA, FECHA, GOLES_CASA, GOLES_FUERA, OBSERVACIONES) VALUES (8, 5, TIMESTAMP '2023-11-04 18:00:00.000000', 6, 1, null);
INSERT INTO FUTBOL.PARTIDOS (ID_EQUIPO_CASA, ID_EQUIPO_FUERA, FECHA, GOLES_CASA, GOLES_FUERA, OBSERVACIONES) VALUES (6, 7, TIMESTAMP '2023-11-05 12:00:00.000000', 2, 1, null);
INSERT INTO FUTBOL.PARTIDOS (ID_EQUIPO_CASA, ID_EQUIPO_FUERA, FECHA, GOLES_CASA, GOLES_FUERA, OBSERVACIONES) VALUES (5, 1, TIMESTAMP '2023-11-11 21:00:00.000000', 1, 0, 'El granizo provoco media hora de descanso');
INSERT INTO FUTBOL.PARTIDOS (ID_EQUIPO_CASA, ID_EQUIPO_FUERA, FECHA, GOLES_CASA, GOLES_FUERA, OBSERVACIONES) VALUES (2, 6, TIMESTAMP '2023-11-12 18:00:00.000000', 0, 0, 'Hubo granizo');
INSERT INTO FUTBOL.PARTIDOS (ID_EQUIPO_CASA, ID_EQUIPO_FUERA, FECHA, GOLES_CASA, GOLES_FUERA, OBSERVACIONES) VALUES (7, 3, TIMESTAMP '2023-11-11 18:00:00.000000', 5, 0, null);
INSERT INTO FUTBOL.PARTIDOS (ID_EQUIPO_CASA, ID_EQUIPO_FUERA, FECHA, GOLES_CASA, GOLES_FUERA, OBSERVACIONES) VALUES (8, 4, TIMESTAMP '2023-11-11 12:00:00.000000', 3, 1, null);
INSERT INTO FUTBOL.PARTIDOS (ID_EQUIPO_CASA, ID_EQUIPO_FUERA, FECHA, GOLES_CASA, GOLES_FUERA, OBSERVACIONES) VALUES (1, 6, TIMESTAMP '2023-11-19 12:00:00.000000', 2, 0, null);
INSERT INTO FUTBOL.PARTIDOS (ID_EQUIPO_CASA, ID_EQUIPO_FUERA, FECHA, GOLES_CASA, GOLES_FUERA, OBSERVACIONES) VALUES (2, 7, TIMESTAMP '2023-11-18 21:00:00.000000', 1, 1, null);
INSERT INTO FUTBOL.PARTIDOS (ID_EQUIPO_CASA, ID_EQUIPO_FUERA, FECHA, GOLES_CASA, GOLES_FUERA, OBSERVACIONES) VALUES (3, 8, TIMESTAMP '2023-11-19 18:00:00.000000', 0, 4, null);
INSERT INTO FUTBOL.PARTIDOS (ID_EQUIPO_CASA, ID_EQUIPO_FUERA, FECHA, GOLES_CASA, GOLES_FUERA, OBSERVACIONES) VALUES (4, 5, TIMESTAMP '2023-11-18 12:00:00.000000', 3, 3, null);
INSERT INTO FUTBOL.PARTIDOS (ID_EQUIPO_CASA, ID_EQUIPO_FUERA, FECHA, GOLES_CASA, GOLES_FUERA, OBSERVACIONES) VALUES (1, 2, TIMESTAMP '2023-10-21 20:00:00.000000', 1, 2, 'Se aplazó al día siguiente');
INSERT INTO FUTBOL.PARTIDOS (ID_EQUIPO_CASA, ID_EQUIPO_FUERA, FECHA, GOLES_CASA, GOLES_FUERA, OBSERVACIONES) VALUES (1, 3, TIMESTAMP '2023-10-29 21:00:00.000000', 2, 0, null);
INSERT INTO FUTBOL.PARTIDOS (ID_EQUIPO_CASA, ID_EQUIPO_FUERA, FECHA, GOLES_CASA, GOLES_FUERA, OBSERVACIONES) VALUES (2, 4, TIMESTAMP '2023-10-28 18:00:00.000000', 4, 2, null);
INSERT INTO FUTBOL.PARTIDOS (ID_EQUIPO_CASA, ID_EQUIPO_FUERA, FECHA, GOLES_CASA, GOLES_FUERA, OBSERVACIONES) VALUES (3, 2, TIMESTAMP '2023-11-04 20:00:00.000000', 0, 2, null);
INSERT INTO FUTBOL.PARTIDOS (ID_EQUIPO_CASA, ID_EQUIPO_FUERA, FECHA, GOLES_CASA, GOLES_FUERA, OBSERVACIONES) VALUES (3, 4, TIMESTAMP '2023-10-21 20:00:00.000000', 0, 3, null);
INSERT INTO FUTBOL.PARTIDOS (ID_EQUIPO_CASA, ID_EQUIPO_FUERA, FECHA, GOLES_CASA, GOLES_FUERA, OBSERVACIONES) VALUES (4, 1, TIMESTAMP '2023-11-04 21:00:00.000000', 2, 2, null);
commit;



INSERT INTO FUTBOL.GOLES (ID_EQUIPO_CASA, ID_EQUIPO_FUERA, MINUTO, DESCRIPCION, ID_JUGADOR) VALUES (5, 6, INTERVAL '0 1:32:0.0' DAY TO SECOND, 'Gran regate y tiro a la escuadra', 45);
INSERT INTO FUTBOL.GOLES (ID_EQUIPO_CASA, ID_EQUIPO_FUERA, MINUTO, DESCRIPCION, ID_JUGADOR) VALUES (5, 7, INTERVAL '0 0:9:0.0' DAY TO SECOND, 'Disparo lejano', 67);
INSERT INTO FUTBOL.GOLES (ID_EQUIPO_CASA, ID_EQUIPO_FUERA, MINUTO, DESCRIPCION, ID_JUGADOR) VALUES (5, 7, INTERVAL '0 1:10:0.0' DAY TO SECOND, 'Penalty', 67);
INSERT INTO FUTBOL.GOLES (ID_EQUIPO_CASA, ID_EQUIPO_FUERA, MINUTO, DESCRIPCION, ID_JUGADOR) VALUES (5, 7, INTERVAL '0 1:17:0.0' DAY TO SECOND, 'De falta', 67);
INSERT INTO FUTBOL.GOLES (ID_EQUIPO_CASA, ID_EQUIPO_FUERA, MINUTO, DESCRIPCION, ID_JUGADOR) VALUES (6, 8, INTERVAL '0 0:30:0.0' DAY TO SECOND, 'Regate al portero tras escapada', 79);
INSERT INTO FUTBOL.GOLES (ID_EQUIPO_CASA, ID_EQUIPO_FUERA, MINUTO, DESCRIPCION, ID_JUGADOR) VALUES (6, 8, INTERVAL '0 0:44:0.0' DAY TO SECOND, 'Centro-chut', 81);
INSERT INTO FUTBOL.GOLES (ID_EQUIPO_CASA, ID_EQUIPO_FUERA, MINUTO, DESCRIPCION, ID_JUGADOR) VALUES (8, 5, INTERVAL '0 0:12:0.0' DAY TO SECOND, 'Remate de cabeza tras jugada individual de Bauer', 81);
INSERT INTO FUTBOL.GOLES (ID_EQUIPO_CASA, ID_EQUIPO_FUERA, MINUTO, DESCRIPCION, ID_JUGADOR) VALUES (8, 5, INTERVAL '0 0:21:0.0' DAY TO SECOND, 'Se aprovecha de un despiste defensivo', 83);
INSERT INTO FUTBOL.GOLES (ID_EQUIPO_CASA, ID_EQUIPO_FUERA, MINUTO, DESCRIPCION, ID_JUGADOR) VALUES (8, 5, INTERVAL '0 0:30:0.0' DAY TO SECOND, 'Disparo a la escuadra', 46);
INSERT INTO FUTBOL.GOLES (ID_EQUIPO_CASA, ID_EQUIPO_FUERA, MINUTO, DESCRIPCION, ID_JUGADOR) VALUES (8, 5, INTERVAL '0 1:10:0.0' DAY TO SECOND, 'Gran regate y disparo', 79);
INSERT INTO FUTBOL.GOLES (ID_EQUIPO_CASA, ID_EQUIPO_FUERA, MINUTO, DESCRIPCION, ID_JUGADOR) VALUES (8, 5, INTERVAL '0 1:13:0.0' DAY TO SECOND, 'Robo de balón y disparo a la escuadra', 79);
INSERT INTO FUTBOL.GOLES (ID_EQUIPO_CASA, ID_EQUIPO_FUERA, MINUTO, DESCRIPCION, ID_JUGADOR) VALUES (8, 5, INTERVAL '0 1:21:0.0' DAY TO SECOND, 'Baselina desde fuera del área', 79);
INSERT INTO FUTBOL.GOLES (ID_EQUIPO_CASA, ID_EQUIPO_FUERA, MINUTO, DESCRIPCION, ID_JUGADOR) VALUES (8, 5, INTERVAL '0 1:32:0.0' DAY TO SECOND, 'Despiste defensivo', 81);
INSERT INTO FUTBOL.GOLES (ID_EQUIPO_CASA, ID_EQUIPO_FUERA, MINUTO, DESCRIPCION, ID_JUGADOR) VALUES (6, 7, INTERVAL '0 0:12:0.0' DAY TO SECOND, 'Gran regate incluso al portero', 62);
INSERT INTO FUTBOL.GOLES (ID_EQUIPO_CASA, ID_EQUIPO_FUERA, MINUTO, DESCRIPCION, ID_JUGADOR) VALUES (6, 7, INTERVAL '0 0:20:0.0' DAY TO SECOND, 'Disparo a la escuadra', 61);
INSERT INTO FUTBOL.GOLES (ID_EQUIPO_CASA, ID_EQUIPO_FUERA, MINUTO, DESCRIPCION, ID_JUGADOR) VALUES (6, 7, INTERVAL '0 1:15:0.0' DAY TO SECOND, 'Gran combinación con remate de cabeza', 67);
INSERT INTO FUTBOL.GOLES (ID_EQUIPO_CASA, ID_EQUIPO_FUERA, MINUTO, DESCRIPCION, ID_JUGADOR) VALUES (5, 1, INTERVAL '0 0:35:0.0' DAY TO SECOND, 'Baselina desde fuera del área', 45);
INSERT INTO FUTBOL.GOLES (ID_EQUIPO_CASA, ID_EQUIPO_FUERA, MINUTO, DESCRIPCION, ID_JUGADOR) VALUES (7, 3, INTERVAL '0 0:12:0.0' DAY TO SECOND, 'Gran remate y finalización a la escuadra', 67);
INSERT INTO FUTBOL.GOLES (ID_EQUIPO_CASA, ID_EQUIPO_FUERA, MINUTO, DESCRIPCION, ID_JUGADOR) VALUES (7, 3, INTERVAL '0 0:14:0.0' DAY TO SECOND, 'Robo de balón y disparo', 67);
INSERT INTO FUTBOL.GOLES (ID_EQUIPO_CASA, ID_EQUIPO_FUERA, MINUTO, DESCRIPCION, ID_JUGADOR) VALUES (7, 3, INTERVAL '0 0:17:0.0' DAY TO SECOND, 'Robo de balón y penalti', 67);
INSERT INTO FUTBOL.GOLES (ID_EQUIPO_CASA, ID_EQUIPO_FUERA, MINUTO, DESCRIPCION, ID_JUGADOR) VALUES (7, 3, INTERVAL '0 0:50:0.0' DAY TO SECOND, 'De tijereta', 67);
INSERT INTO FUTBOL.GOLES (ID_EQUIPO_CASA, ID_EQUIPO_FUERA, MINUTO, DESCRIPCION, ID_JUGADOR) VALUES (7, 3, INTERVAL '0 1:20:0.0' DAY TO SECOND, 'Escapada y regate al portero', 67);
INSERT INTO FUTBOL.GOLES (ID_EQUIPO_CASA, ID_EQUIPO_FUERA, MINUTO, DESCRIPCION, ID_JUGADOR) VALUES (8, 4, INTERVAL '0 0:12:0.0' DAY TO SECOND, 'De penalti', 35);
INSERT INTO FUTBOL.GOLES (ID_EQUIPO_CASA, ID_EQUIPO_FUERA, MINUTO, DESCRIPCION, ID_JUGADOR) VALUES (8, 4, INTERVAL '0 0:35:0.0' DAY TO SECOND, 'Centro y remate', 81);
INSERT INTO FUTBOL.GOLES (ID_EQUIPO_CASA, ID_EQUIPO_FUERA, MINUTO, DESCRIPCION, ID_JUGADOR) VALUES (8, 4, INTERVAL '0 1:9:0.0' DAY TO SECOND, 'Gran combinación', 82);
INSERT INTO FUTBOL.GOLES (ID_EQUIPO_CASA, ID_EQUIPO_FUERA, MINUTO, DESCRIPCION, ID_JUGADOR) VALUES (8, 4, INTERVAL '0 1:35:0.0' DAY TO SECOND, 'Remate al palo derecho', 81);
INSERT INTO FUTBOL.GOLES (ID_EQUIPO_CASA, ID_EQUIPO_FUERA, MINUTO, DESCRIPCION, ID_JUGADOR) VALUES (2, 7, INTERVAL '0 0:25:0.0' DAY TO SECOND, 'Disparo fuerte al centro', 12);
INSERT INTO FUTBOL.GOLES (ID_EQUIPO_CASA, ID_EQUIPO_FUERA, MINUTO, DESCRIPCION, ID_JUGADOR) VALUES (2, 7, INTERVAL '0 0:43:0.0' DAY TO SECOND, 'Combinación y finalización con tiro fuerte a la escuadra', 16);
INSERT INTO FUTBOL.GOLES (ID_EQUIPO_CASA, ID_EQUIPO_FUERA, MINUTO, DESCRIPCION, ID_JUGADOR) VALUES (3, 8, INTERVAL '0 0:44:0.0' DAY TO SECOND, 'Remate de cabeza', 82);
INSERT INTO FUTBOL.GOLES (ID_EQUIPO_CASA, ID_EQUIPO_FUERA, MINUTO, DESCRIPCION, ID_JUGADOR) VALUES (3, 8, INTERVAL '0 1:9:0.0' DAY TO SECOND, 'De penalti', 81);
INSERT INTO FUTBOL.GOLES (ID_EQUIPO_CASA, ID_EQUIPO_FUERA, MINUTO, DESCRIPCION, ID_JUGADOR) VALUES (3, 8, INTERVAL '0 1:14:0.0' DAY TO SECOND, 'Centro desde el lateral por parte de Ribao y chut ', 81);
INSERT INTO FUTBOL.GOLES (ID_EQUIPO_CASA, ID_EQUIPO_FUERA, MINUTO, DESCRIPCION, ID_JUGADOR) VALUES (3, 8, INTERVAL '0 1:16:0.0' DAY TO SECOND, 'Carambola con remate final', 86);
INSERT INTO FUTBOL.GOLES (ID_EQUIPO_CASA, ID_EQUIPO_FUERA, MINUTO, DESCRIPCION, ID_JUGADOR) VALUES (1, 6, INTERVAL '0 1:9:0.0' DAY TO SECOND, 'Gol en propia puerta', null);
INSERT INTO FUTBOL.GOLES (ID_EQUIPO_CASA, ID_EQUIPO_FUERA, MINUTO, DESCRIPCION, ID_JUGADOR) VALUES (1, 6, INTERVAL '0 1:29:0.0' DAY TO SECOND, 'De penalti', 12);
INSERT INTO FUTBOL.GOLES (ID_EQUIPO_CASA, ID_EQUIPO_FUERA, MINUTO, DESCRIPCION, ID_JUGADOR) VALUES (4, 5, INTERVAL '0 0:2:0.0' DAY TO SECOND, 'Baselina', 34);
INSERT INTO FUTBOL.GOLES (ID_EQUIPO_CASA, ID_EQUIPO_FUERA, MINUTO, DESCRIPCION, ID_JUGADOR) VALUES (4, 5, INTERVAL '0 0:23:0.0' DAY TO SECOND, 'Centro-chut', 47);
INSERT INTO FUTBOL.GOLES (ID_EQUIPO_CASA, ID_EQUIPO_FUERA, MINUTO, DESCRIPCION, ID_JUGADOR) VALUES (4, 5, INTERVAL '0 0:44:0.0' DAY TO SECOND, 'Regate en el área', 45);
INSERT INTO FUTBOL.GOLES (ID_EQUIPO_CASA, ID_EQUIPO_FUERA, MINUTO, DESCRIPCION, ID_JUGADOR) VALUES (4, 5, INTERVAL '0 0:55:0.0' DAY TO SECOND, 'Disparo desde fuera del área', 45);
INSERT INTO FUTBOL.GOLES (ID_EQUIPO_CASA, ID_EQUIPO_FUERA, MINUTO, DESCRIPCION, ID_JUGADOR) VALUES (4, 5, INTERVAL '0 0:58:0.0' DAY TO SECOND, 'Remate con el pie', 35);
INSERT INTO FUTBOL.GOLES (ID_EQUIPO_CASA, ID_EQUIPO_FUERA, MINUTO, DESCRIPCION, ID_JUGADOR) VALUES (4, 5, INTERVAL '0 1:9:0.0' DAY TO SECOND, 'Robo de balón', 36);
INSERT INTO FUTBOL.GOLES (ID_EQUIPO_CASA, ID_EQUIPO_FUERA, MINUTO, DESCRIPCION, ID_JUGADOR) VALUES (1, 2, INTERVAL '0 0:9:0.0' DAY TO SECOND, 'Golazo de cabeza', 1);
INSERT INTO FUTBOL.GOLES (ID_EQUIPO_CASA, ID_EQUIPO_FUERA, MINUTO, DESCRIPCION, ID_JUGADOR) VALUES (1, 2, INTERVAL '0 1:0:0.0' DAY TO SECOND, 'Carambola', 16);
INSERT INTO FUTBOL.GOLES (ID_EQUIPO_CASA, ID_EQUIPO_FUERA, MINUTO, DESCRIPCION, ID_JUGADOR) VALUES (1, 2, INTERVAL '0 1:27:0.0' DAY TO SECOND, 'Zurdazo impresionantes', 12);
INSERT INTO FUTBOL.GOLES (ID_EQUIPO_CASA, ID_EQUIPO_FUERA, MINUTO, DESCRIPCION, ID_JUGADOR) VALUES (1, 3, INTERVAL '0 0:28:0.0' DAY TO SECOND, 'De penalti', 1);
INSERT INTO FUTBOL.GOLES (ID_EQUIPO_CASA, ID_EQUIPO_FUERA, MINUTO, DESCRIPCION, ID_JUGADOR) VALUES (1, 3, INTERVAL '0 0:57:0.0' DAY TO SECOND, 'De falta', 1);
INSERT INTO FUTBOL.GOLES (ID_EQUIPO_CASA, ID_EQUIPO_FUERA, MINUTO, DESCRIPCION, ID_JUGADOR) VALUES (2, 4, INTERVAL '0 0:17:0.0' DAY TO SECOND, 'Gran combinación', 12);
INSERT INTO FUTBOL.GOLES (ID_EQUIPO_CASA, ID_EQUIPO_FUERA, MINUTO, DESCRIPCION, ID_JUGADOR) VALUES (2, 4, INTERVAL '0 0:21:0.0' DAY TO SECOND, 'De falta', 12);
INSERT INTO FUTBOL.GOLES (ID_EQUIPO_CASA, ID_EQUIPO_FUERA, MINUTO, DESCRIPCION, ID_JUGADOR) VALUES (2, 4, INTERVAL '0 1:15:0.0' DAY TO SECOND, 'Desde el medio campo', 34);
INSERT INTO FUTBOL.GOLES (ID_EQUIPO_CASA, ID_EQUIPO_FUERA, MINUTO, DESCRIPCION, ID_JUGADOR) VALUES (2, 4, INTERVAL '0 1:18:0.0' DAY TO SECOND, 'Centro chut', 35);
INSERT INTO FUTBOL.GOLES (ID_EQUIPO_CASA, ID_EQUIPO_FUERA, MINUTO, DESCRIPCION, ID_JUGADOR) VALUES (2, 4, INTERVAL '0 1:22:0.0' DAY TO SECOND, 'De penalti', 14);
INSERT INTO FUTBOL.GOLES (ID_EQUIPO_CASA, ID_EQUIPO_FUERA, MINUTO, DESCRIPCION, ID_JUGADOR) VALUES (2, 4, INTERVAL '0 1:29:0.0' DAY TO SECOND, 'De penalti', 12);
INSERT INTO FUTBOL.GOLES (ID_EQUIPO_CASA, ID_EQUIPO_FUERA, MINUTO, DESCRIPCION, ID_JUGADOR) VALUES (4, 1, INTERVAL '0 1:7:0.0' DAY TO SECOND, 'En propia puerta', 34);
INSERT INTO FUTBOL.GOLES (ID_EQUIPO_CASA, ID_EQUIPO_FUERA, MINUTO, DESCRIPCION, ID_JUGADOR) VALUES (4, 1, INTERVAL '0 1:18:0.0' DAY TO SECOND, 'regate impresionante y marca tras quedarse solo', 36);
INSERT INTO FUTBOL.GOLES (ID_EQUIPO_CASA, ID_EQUIPO_FUERA, MINUTO, DESCRIPCION, ID_JUGADOR) VALUES (3, 2, INTERVAL '0 0:27:0.0' DAY TO SECOND, 'De falta', 12);
INSERT INTO FUTBOL.GOLES (ID_EQUIPO_CASA, ID_EQUIPO_FUERA, MINUTO, DESCRIPCION, ID_JUGADOR) VALUES (4, 1, INTERVAL '0 1:23:0.0' DAY TO SECOND, 'Cabezazo desde el borde del area pequeña', 1);
INSERT INTO FUTBOL.GOLES (ID_EQUIPO_CASA, ID_EQUIPO_FUERA, MINUTO, DESCRIPCION, ID_JUGADOR) VALUES (4, 1, INTERVAL '0 1:28:0.0' DAY TO SECOND, 'De penalti', 1);
INSERT INTO FUTBOL.GOLES (ID_EQUIPO_CASA, ID_EQUIPO_FUERA, MINUTO, DESCRIPCION, ID_JUGADOR) VALUES (3, 2, INTERVAL '0 1:18:0.0' DAY TO SECOND, 'De cabeza', 16);
commit;



