CREATE USER TRENES IDENTIFIED BY "Herrera2024_" DEFAULT TABLESPACE DATA QUOTA 50M ON DATA ;
GRANT CONNECT, RESOURCE, CREATE VIEW, CREATE MATERIALIZED VIEW TO TRENES;

CREATE TABLE TRENES.TIPOS_TREN (
  cod_tipo NUMBER(3) CONSTRAINT tipos_tren_pk PRIMARY KEY ,
  nombre VARCHAR2(50) CONSTRAINT tipos_tren_uk UNIQUE 
      CONSTRAINT tipos_tren_nn NOT NULL
);

CREATE TABLE TRENES.TRENES(
  cod_tren VARCHAR2(8) CONSTRAINT trenes_pk PRIMARY KEY ,
  cod_tipo NUMBER(3) CONSTRAINT trenes_fk REFERENCES TRENES.TIPOS_TREN,
  descripcion VARCHAR2(100) 
);
CREATE TABLE TRENES.DIAS(
   cod_tren VARCHAR2(8) CONSTRAINT dias_fk REFERENCES TRENES.TRENES,
   cod_dia NUMBER(1),
   CONSTRAINT dias_pk PRIMARY KEY(cod_tren,cod_dia)
);

CREATE TABLE TRENES.ESTACIONES(
   cod_est NUMBER(5) CONSTRAINT estaciones_pk PRIMARY KEY,
   nombre VARCHAR2(100) CONSTRAINT estaciones_uk UNIQUE 
   		  				CONSTRAINT estaciones_nn1 NOT NULL,
   localidad VARCHAR2(30) CONSTRAINT estaciones_nn2 NOT NULL
   
);

CREATE TABLE TRENES.PARADAS(
   cod_est NUMBER(5) CONSTRAINT paradas_fk1 REFERENCES TRENES.ESTACIONES,
   cod_tren VARCHAR2(8) CONSTRAINT paradas_fk2 REFERENCES TRENES.TRENES,
   hora TIMESTAMP(0) CONSTRAINT paradas_nn1 NOT NULL,
   n_parada NUMBER(2) CONSTRAINT paradas_nn2 NOT NULL,
   CONSTRAINT paradas_pk PRIMARY KEY(cod_est, cod_tren),
   CONSTRAINT paradas_uk1 UNIQUE(cod_tren,n_parada)
);
   

Insert into TRENES.TIPOS_TREN (COD_TIPO,NOMBRE) values ('6','AVE');
Insert into TRENES.TIPOS_TREN (COD_TIPO,NOMBRE) values ('5','Estrella');
Insert into TRENES.TIPOS_TREN (COD_TIPO,NOMBRE) values ('2','Intercity');
Insert into TRENES.TIPOS_TREN (COD_TIPO,NOMBRE) values ('3','Regional');
Insert into TRENES.TIPOS_TREN (COD_TIPO,NOMBRE) values ('4','Regional Express');
Insert into TRENES.TIPOS_TREN (COD_TIPO,NOMBRE) values ('1','Talgo');


Insert into TRENES.ESTACIONES (COD_EST,NOMBRE,LOCALIDAD) values ('4040','DELICIAS','ZARAGOZA');
Insert into TRENES.ESTACIONES (COD_EST,NOMBRE,LOCALIDAD) values ('10200','VILLALBA DE GUADARRAMA','VILLALBA DE GUADARRAMA');
Insert into TRENES.ESTACIONES (COD_EST,NOMBRE,LOCALIDAD) values ('10203','EL ESCORIAL','EL ESCORIAL');
Insert into TRENES.ESTACIONES (COD_EST,NOMBRE,LOCALIDAD) values ('10400','AVILA','AVILA');
Insert into TRENES.ESTACIONES (COD_EST,NOMBRE,LOCALIDAD) values ('10409','AREVALO','AREVALO');
Insert into TRENES.ESTACIONES (COD_EST,NOMBRE,LOCALIDAD) values ('10500','MEDINA DEL CAMPO','MEDINA DEL CAMPO');
Insert into TRENES.ESTACIONES (COD_EST,NOMBRE,LOCALIDAD) values ('10600','CAMPO GRANDE','VALLADOLID');
Insert into TRENES.ESTACIONES (COD_EST,NOMBRE,LOCALIDAD) values ('10602','CABEZON DEL PISUERGA','CABEZON DEL PISUERGA');
Insert into TRENES.ESTACIONES (COD_EST,NOMBRE,LOCALIDAD) values ('10603','AGUILAREJO','CORCOS');
Insert into TRENES.ESTACIONES (COD_EST,NOMBRE,LOCALIDAD) values ('10604','CUBILLAS DE STA. MARTA','CUBILLAS DE STA. MARTA');
Insert into TRENES.ESTACIONES (COD_EST,NOMBRE,LOCALIDAD) values ('10605','DUENAS','DUENAS');
Insert into TRENES.ESTACIONES (COD_EST,NOMBRE,LOCALIDAD) values ('10610','UNIVERSIDAD','VALLADOLID');
Insert into TRENES.ESTACIONES (COD_EST,NOMBRE,LOCALIDAD) values ('11000','VENTA DE BAÑOS','VENTA DE BAÑOS');
Insert into TRENES.ESTACIONES (COD_EST,NOMBRE,LOCALIDAD) values ('11004','MAGAZ','MAGAZ');
Insert into TRENES.ESTACIONES (COD_EST,NOMBRE,LOCALIDAD) values ('11006','QUINTANA DEL PUENTE','QUINTANA DEL PUENTE');
Insert into TRENES.ESTACIONES (COD_EST,NOMBRE,LOCALIDAD) values ('11009','VILLAQUIRAN','VILLAQUIRAN');
Insert into TRENES.ESTACIONES (COD_EST,NOMBRE,LOCALIDAD) values ('11100','BURGOS','BURGOS');
Insert into TRENES.ESTACIONES (COD_EST,NOMBRE,LOCALIDAD) values ('11109','BRIVIESCA','BRIVIESCA');
Insert into TRENES.ESTACIONES (COD_EST,NOMBRE,LOCALIDAD) values ('11111','PANCORBO','PANCORBO');
Insert into TRENES.ESTACIONES (COD_EST,NOMBRE,LOCALIDAD) values ('11200','MIRANDA DE EBRO','MIRANDA DE EBRO');
Insert into TRENES.ESTACIONES (COD_EST,NOMBRE,LOCALIDAD) values ('11208','VITORIA/GASTEIZ','VITORIA/GASTEIZ');
Insert into TRENES.ESTACIONES (COD_EST,NOMBRE,LOCALIDAD) values ('13200','AVANDO','BILBAO');
Insert into TRENES.ESTACIONES (COD_EST,NOMBRE,LOCALIDAD) values ('14100','PALENCIA','PALENCIA');
Insert into TRENES.ESTACIONES (COD_EST,NOMBRE,LOCALIDAD) values ('14101','MONZON DE CAMPOS','MONZON DE CAMPOS');
Insert into TRENES.ESTACIONES (COD_EST,NOMBRE,LOCALIDAD) values ('14102','AMUSCO','AMUSCO');
Insert into TRENES.ESTACIONES (COD_EST,NOMBRE,LOCALIDAD) values ('14103','PIÑA','PIÑA');
Insert into TRENES.ESTACIONES (COD_EST,NOMBRE,LOCALIDAD) values ('14104','FROMISTA','FROMISTA');
Insert into TRENES.ESTACIONES (COD_EST,NOMBRE,LOCALIDAD) values ('14107','OSORNO','OSORNO');
Insert into TRENES.ESTACIONES (COD_EST,NOMBRE,LOCALIDAD) values ('14108','ESPINOSA DE VILLAGONZALO','ESPINOSA DE VILLAGONZALO');
Insert into TRENES.ESTACIONES (COD_EST,NOMBRE,LOCALIDAD) values ('14111','HERRERA DEL PISUERGA','HERRERA DEL PISUERGA');
Insert into TRENES.ESTACIONES (COD_EST,NOMBRE,LOCALIDAD) values ('14112','SAN QUIRCE','ALAR DEL REY');
Insert into TRENES.ESTACIONES (COD_EST,NOMBRE,LOCALIDAD) values ('14113','MAVE','MAVE');
Insert into TRENES.ESTACIONES (COD_EST,NOMBRE,LOCALIDAD) values ('14114','AGUILAR DE CAMPOO','AGUILAR DE CAMPOO');
Insert into TRENES.ESTACIONES (COD_EST,NOMBRE,LOCALIDAD) values ('14115','QUINTANILLA DE LAS TORRES','QUINTANILLA DE LAS TORRES');
Insert into TRENES.ESTACIONES (COD_EST,NOMBRE,LOCALIDAD) values ('14116','EL CARRION','EL CARRION');
Insert into TRENES.ESTACIONES (COD_EST,NOMBRE,LOCALIDAD) values ('14200','MATAPORQUERA','MATAPORQUERA');
Insert into TRENES.ESTACIONES (COD_EST,NOMBRE,LOCALIDAD) values ('14202','REINOSA','REINOSA');
Insert into TRENES.ESTACIONES (COD_EST,NOMBRE,LOCALIDAD) values ('14203','SANTIURDE','LANTUENO');
Insert into TRENES.ESTACIONES (COD_EST,NOMBRE,LOCALIDAD) values ('14204','PESQUERA','PESQUERA');
Insert into TRENES.ESTACIONES (COD_EST,NOMBRE,LOCALIDAD) values ('14206','BARCENA','BARCENA');
Insert into TRENES.ESTACIONES (COD_EST,NOMBRE,LOCALIDAD) values ('14207','PORTOLIN','MOLLEDO');
Insert into TRENES.ESTACIONES (COD_EST,NOMBRE,LOCALIDAD) values ('14208','SANTA CRUZ DE IGUNA','SANTA CRUZ DE IGUNA');
Insert into TRENES.ESTACIONES (COD_EST,NOMBRE,LOCALIDAD) values ('14209','LAS FRAGUAS','LAS FRAGUAS');
Insert into TRENES.ESTACIONES (COD_EST,NOMBRE,LOCALIDAD) values ('14210','LOS CORRALES DE BUELNA','LOS CORRALES DE BUELNA');
Insert into TRENES.ESTACIONES (COD_EST,NOMBRE,LOCALIDAD) values ('14211','LAS CALDAS DE BESAYA','LAS CALDAS DE BESAYA');
Insert into TRENES.ESTACIONES (COD_EST,NOMBRE,LOCALIDAD) values ('14212','VIERNOLES','VIERNOLES');
Insert into TRENES.ESTACIONES (COD_EST,NOMBRE,LOCALIDAD) values ('14213','TORRELAVEGA','TORRELAVEGA');
Insert into TRENES.ESTACIONES (COD_EST,NOMBRE,LOCALIDAD) values ('14214','SIERRAPANDO','SIERRAPANDO');
Insert into TRENES.ESTACIONES (COD_EST,NOMBRE,LOCALIDAD) values ('14216','RENEDO','RENEDO');
Insert into TRENES.ESTACIONES (COD_EST,NOMBRE,LOCALIDAD) values ('14217','PARBAYON','PARBAYON');
Insert into TRENES.ESTACIONES (COD_EST,NOMBRE,LOCALIDAD) values ('14218','GUARNIZO','GUARNIZO');
Insert into TRENES.ESTACIONES (COD_EST,NOMBRE,LOCALIDAD) values ('14219','BOO','BOO');
Insert into TRENES.ESTACIONES (COD_EST,NOMBRE,LOCALIDAD) values ('14220','CAMARGO','CAMARGO');
Insert into TRENES.ESTACIONES (COD_EST,NOMBRE,LOCALIDAD) values ('14223','SANTANDER','SANTANDER');
Insert into TRENES.ESTACIONES (COD_EST,NOMBRE,LOCALIDAD) values ('14229','ZURITA','ZURITA');
Insert into TRENES.ESTACIONES (COD_EST,NOMBRE,LOCALIDAD) values ('14230','VALDECILLA','VALDECILLA');
Insert into TRENES.ESTACIONES (COD_EST,NOMBRE,LOCALIDAD) values ('14231','NUEVA MONTAÑA','NUEVA MONTAÑA');
Insert into TRENES.ESTACIONES (COD_EST,NOMBRE,LOCALIDAD) values ('14232','LOMBERA','LOMBERA');
Insert into TRENES.ESTACIONES (COD_EST,NOMBRE,LOCALIDAD) values ('14233','RIO EBRO','RIO EBRO');
Insert into TRENES.ESTACIONES (COD_EST,NOMBRE,LOCALIDAD) values ('14234','PUJAYO','PUJAYO');
Insert into TRENES.ESTACIONES (COD_EST,NOMBRE,LOCALIDAD) values ('15004','PAREDES DE NAVA','PAREDES DE NAVA');
Insert into TRENES.ESTACIONES (COD_EST,NOMBRE,LOCALIDAD) values ('15007','VILLADA','VILLADA');
Insert into TRENES.ESTACIONES (COD_EST,NOMBRE,LOCALIDAD) values ('15009','SAHAGUN','SAHAGUN');
Insert into TRENES.ESTACIONES (COD_EST,NOMBRE,LOCALIDAD) values ('15100','LEON','LEON');
Insert into TRENES.ESTACIONES (COD_EST,NOMBRE,LOCALIDAD) values ('17000','CHAMARTIN','MADRID');
Insert into TRENES.ESTACIONES (COD_EST,NOMBRE,LOCALIDAD) values ('18000','ATOCHA','MADRID');
Insert into TRENES.ESTACIONES (COD_EST,NOMBRE,LOCALIDAD) values ('18001','RECOLETOS','MADRID');
Insert into TRENES.ESTACIONES (COD_EST,NOMBRE,LOCALIDAD) values ('18002','NUEVOS MINISTERIOS','MADRID');
Insert into TRENES.ESTACIONES (COD_EST,NOMBRE,LOCALIDAD) values ('20005','VEGUELLINA','VEGUELLINA');
Insert into TRENES.ESTACIONES (COD_EST,NOMBRE,LOCALIDAD) values ('20100','ASTORGA','ASTORGA');
Insert into TRENES.ESTACIONES (COD_EST,NOMBRE,LOCALIDAD) values ('20111','BEMBIBRE','BEMBIBRE');
Insert into TRENES.ESTACIONES (COD_EST,NOMBRE,LOCALIDAD) values ('20200','PONFERRADA','PONFERRADA');
Insert into TRENES.ESTACIONES (COD_EST,NOMBRE,LOCALIDAD) values ('20211','O BARCO DE VALDEORRAS','O BARCO DE VALDEORRAS');
Insert into TRENES.ESTACIONES (COD_EST,NOMBRE,LOCALIDAD) values ('20213','PETIN','A RUA');
Insert into TRENES.ESTACIONES (COD_EST,NOMBRE,LOCALIDAD) values ('20216','QUIROGA','QUIROGA');
Insert into TRENES.ESTACIONES (COD_EST,NOMBRE,LOCALIDAD) values ('20300','MONFORTE DE LEMOS','MONFORTE DE LEMOS');
Insert into TRENES.ESTACIONES (COD_EST,NOMBRE,LOCALIDAD) values ('20305','SARRIA','SARRIA');
Insert into TRENES.ESTACIONES (COD_EST,NOMBRE,LOCALIDAD) values ('20309','LUGO','LUGO');
Insert into TRENES.ESTACIONES (COD_EST,NOMBRE,LOCALIDAD) values ('20314','GUITIRIZ','GUITIRIZ');
Insert into TRENES.ESTACIONES (COD_EST,NOMBRE,LOCALIDAD) values ('20317','CURTIS','CURTIS');
Insert into TRENES.ESTACIONES (COD_EST,NOMBRE,LOCALIDAD) values ('20400','INFESTA','BETANZOS');
Insert into TRENES.ESTACIONES (COD_EST,NOMBRE,LOCALIDAD) values ('21001','CIDADE','BETANZOS');
Insert into TRENES.ESTACIONES (COD_EST,NOMBRE,LOCALIDAD) values ('21004','PONTEDEUME','PONTEDEUME');
Insert into TRENES.ESTACIONES (COD_EST,NOMBRE,LOCALIDAD) values ('21010','FERROL','FERROL');
Insert into TRENES.ESTACIONES (COD_EST,NOMBRE,LOCALIDAD) values ('30100','SALAMANCA','SALAMANCA');
Insert into TRENES.ESTACIONES (COD_EST,NOMBRE,LOCALIDAD) values ('31412','A CORUNA','A CORUNA');
Insert into TRENES.ESTACIONES (COD_EST,NOMBRE,LOCALIDAD) values ('32004','CANTALAPIEDRA','CANTALAPIEDRA');
Insert into TRENES.ESTACIONES (COD_EST,NOMBRE,LOCALIDAD) values ('50100','MANZANARES','MANZANARES');
Insert into TRENES.ESTACIONES (COD_EST,NOMBRE,LOCALIDAD) values ('50102','VALDEPENAS','VALDEPENAS');
Insert into TRENES.ESTACIONES (COD_EST,NOMBRE,LOCALIDAD) values ('50300','BAEZA','LINARES');
Insert into TRENES.ESTACIONES (COD_EST,NOMBRE,LOCALIDAD) values ('50500','CORDOBA CENTRAL','CORDOBA CENTRAL');
Insert into TRENES.ESTACIONES (COD_EST,NOMBRE,LOCALIDAD) values ('54201','PUENTE GENIL','PUENTE GENIL');
Insert into TRENES.ESTACIONES (COD_EST,NOMBRE,LOCALIDAD) values ('54400','BOBADILLA','BOBADILLA');
Insert into TRENES.ESTACIONES (COD_EST,NOMBRE,LOCALIDAD) values ('54413','MALAGA','MALAGA');
Insert into TRENES.ESTACIONES (COD_EST,NOMBRE,LOCALIDAD) values ('60200','ARANJUEZ','ARANJUEZ');
Insert into TRENES.ESTACIONES (COD_EST,NOMBRE,LOCALIDAD) values ('60600','ALBACETE','ALBACETE');
Insert into TRENES.ESTACIONES (COD_EST,NOMBRE,LOCALIDAD) values ('60902','VILLENA','VILLENA');
Insert into TRENES.ESTACIONES (COD_EST,NOMBRE,LOCALIDAD) values ('60905','PETRER','ELDA');
Insert into TRENES.ESTACIONES (COD_EST,NOMBRE,LOCALIDAD) values ('60911','TERMINAR','ALACANT');
Insert into TRENES.ESTACIONES (COD_EST,NOMBRE,LOCALIDAD) values ('71400','REUS','REUS');
Insert into TRENES.ESTACIONES (COD_EST,NOMBRE,LOCALIDAD) values ('71500','TARRAGONA','TARRAGONA');
Insert into TRENES.ESTACIONES (COD_EST,NOMBRE,LOCALIDAD) values ('71600','SANT VICENC DE CALDERS','SANT VICENC DE CALDERS');
Insert into TRENES.ESTACIONES (COD_EST,NOMBRE,LOCALIDAD) values ('71801','SANS','BARCELONA');
Insert into TRENES.ESTACIONES (COD_EST,NOMBRE,LOCALIDAD) values ('76004','VALLS','VALLS');
Insert into TRENES.ESTACIONES (COD_EST,NOMBRE,LOCALIDAD) values ('78200','TARDIENTA','TARDIENTA');
Insert into TRENES.ESTACIONES (COD_EST,NOMBRE,LOCALIDAD) values ('78301','RIO CINCA','MONZON');
Insert into TRENES.ESTACIONES (COD_EST,NOMBRE,LOCALIDAD) values ('78400','LLEIDA','LLEIDA');
Insert into TRENES.ESTACIONES (COD_EST,NOMBRE,LOCALIDAD) values ('80100','PAMPLONA','PAMPLONA');
Insert into TRENES.ESTACIONES (COD_EST,NOMBRE,LOCALIDAD) values ('80108','TAFALLA','TAFALLA');
Insert into TRENES.ESTACIONES (COD_EST,NOMBRE,LOCALIDAD) values ('81002','HARO','HARO');
Insert into TRENES.ESTACIONES (COD_EST,NOMBRE,LOCALIDAD) values ('81100','LOGRONO','LOGRONO');
Insert into TRENES.ESTACIONES (COD_EST,NOMBRE,LOCALIDAD) values ('81108','CALAHORRA','CALAHORRA');
Insert into TRENES.ESTACIONES (COD_EST,NOMBRE,LOCALIDAD) values ('81200','CASTEJON DE EBRO','CASTEJON DE EBRO');
Insert into TRENES.ESTACIONES (COD_EST,NOMBRE,LOCALIDAD) values ('81202','TUDELA DE NAVARRA','TUDELA DE NAVARRA');


Insert into TRENES.TRENES (COD_TREN,COD_TIPO,DESCRIPCION) values ('AV000672','6','Alta velocidad. Lujo');
Insert into TRENES.TRENES (COD_TREN,COD_TIPO,DESCRIPCION) values ('ES000732','5','La Coruña-Madrid. Laborables, todas las prestaciones');
Insert into TRENES.TRENES (COD_TREN,COD_TIPO,DESCRIPCION) values ('ES000752','5','tren de lujo. Madrid-La Coruña. Laborables');
Insert into TRENES.TRENES (COD_TREN,COD_TIPO,DESCRIPCION) values ('ES000830','5','Madrid-Santander con todas las prestaciones');
Insert into TRENES.TRENES (COD_TREN,COD_TIPO,DESCRIPCION) values ('ES000933','5','Salamanca-Barcelona. Lujo. Sólo Domingos');
Insert into TRENES.TRENES (COD_TREN,COD_TIPO,DESCRIPCION) values ('RR008408','3','Todos los días excepto Sábados. Miranda-Valladolid. Turista.');
Insert into TRENES.TRENES (COD_TREN,COD_TIPO,DESCRIPCION) values ('RE000800','4','Turista, Palencia-Madrid. Laborables');
Insert into TRENES.TRENES (COD_TREN,COD_TIPO,DESCRIPCION) values ('RE008006','4','Diario. Turista');
Insert into TRENES.TRENES (COD_TREN,COD_TIPO,DESCRIPCION) values ('RR008216','3','Domingos. Turista. A todas las estaciones de Madrid');
Insert into TRENES.TRENES (COD_TREN,COD_TIPO,DESCRIPCION) values ('RR008704','3','A diario. Turista');
Insert into TRENES.TRENES (COD_TREN,COD_TIPO,DESCRIPCION) values ('TA000076','1','Talgo diario. Santander-Alicante');



Insert into TRENES.DIAS (COD_TREN,COD_DIA) values ('AV000672','7');
Insert into TRENES.DIAS (COD_TREN,COD_DIA) values ('ES000732','6');
Insert into TRENES.DIAS (COD_TREN,COD_DIA) values ('ES000732','7');
Insert into TRENES.DIAS (COD_TREN,COD_DIA) values ('ES000752','1');
Insert into TRENES.DIAS (COD_TREN,COD_DIA) values ('ES000752','2');
Insert into TRENES.DIAS (COD_TREN,COD_DIA) values ('ES000752','3');
Insert into TRENES.DIAS (COD_TREN,COD_DIA) values ('ES000752','4');
Insert into TRENES.DIAS (COD_TREN,COD_DIA) values ('ES000752','5');
Insert into TRENES.DIAS (COD_TREN,COD_DIA) values ('ES000752','6');
Insert into TRENES.DIAS (COD_TREN,COD_DIA) values ('ES000752','7');
Insert into TRENES.DIAS (COD_TREN,COD_DIA) values ('ES000830','5');
Insert into TRENES.DIAS (COD_TREN,COD_DIA) values ('ES000830','6');
Insert into TRENES.DIAS (COD_TREN,COD_DIA) values ('ES000830','7');
Insert into TRENES.DIAS (COD_TREN,COD_DIA) values ('ES000933','7');
Insert into TRENES.DIAS (COD_TREN,COD_DIA) values ('RE000800','1');
Insert into TRENES.DIAS (COD_TREN,COD_DIA) values ('RE000800','2');
Insert into TRENES.DIAS (COD_TREN,COD_DIA) values ('RE000800','3');
Insert into TRENES.DIAS (COD_TREN,COD_DIA) values ('RE000800','4');
Insert into TRENES.DIAS (COD_TREN,COD_DIA) values ('RE000800','5');
Insert into TRENES.DIAS (COD_TREN,COD_DIA) values ('RE000800','6');
Insert into TRENES.DIAS (COD_TREN,COD_DIA) values ('RE008006','1');
Insert into TRENES.DIAS (COD_TREN,COD_DIA) values ('RE008006','2');
Insert into TRENES.DIAS (COD_TREN,COD_DIA) values ('RE008006','3');
Insert into TRENES.DIAS (COD_TREN,COD_DIA) values ('RE008006','4');
Insert into TRENES.DIAS (COD_TREN,COD_DIA) values ('RE008006','5');
Insert into TRENES.DIAS (COD_TREN,COD_DIA) values ('RE008006','6');
Insert into TRENES.DIAS (COD_TREN,COD_DIA) values ('RE008006','7');
Insert into TRENES.DIAS (COD_TREN,COD_DIA) values ('RR008216','7');
Insert into TRENES.DIAS (COD_TREN,COD_DIA) values ('RR008408','1');
Insert into TRENES.DIAS (COD_TREN,COD_DIA) values ('RR008408','2');
Insert into TRENES.DIAS (COD_TREN,COD_DIA) values ('RR008408','3');
Insert into TRENES.DIAS (COD_TREN,COD_DIA) values ('RR008408','4');
Insert into TRENES.DIAS (COD_TREN,COD_DIA) values ('RR008408','5');
Insert into TRENES.DIAS (COD_TREN,COD_DIA) values ('RR008408','7');
Insert into TRENES.DIAS (COD_TREN,COD_DIA) values ('RR008704','1');
Insert into TRENES.DIAS (COD_TREN,COD_DIA) values ('RR008704','2');
Insert into TRENES.DIAS (COD_TREN,COD_DIA) values ('RR008704','3');
Insert into TRENES.DIAS (COD_TREN,COD_DIA) values ('RR008704','4');
Insert into TRENES.DIAS (COD_TREN,COD_DIA) values ('RR008704','5');
Insert into TRENES.DIAS (COD_TREN,COD_DIA) values ('RR008704','6');
Insert into TRENES.DIAS (COD_TREN,COD_DIA) values ('RR008704','7');
Insert into TRENES.DIAS (COD_TREN,COD_DIA) values ('TA000076','1');
Insert into TRENES.DIAS (COD_TREN,COD_DIA) values ('TA000076','2');
Insert into TRENES.DIAS (COD_TREN,COD_DIA) values ('TA000076','3');
Insert into TRENES.DIAS (COD_TREN,COD_DIA) values ('TA000076','4');
Insert into TRENES.DIAS (COD_TREN,COD_DIA) values ('TA000076','5');
Insert into TRENES.DIAS (COD_TREN,COD_DIA) values ('TA000076','6');
Insert into TRENES.DIAS (COD_TREN,COD_DIA) values ('TA000076','7');



Insert into TRENES.PARADAS (COD_EST,COD_TREN,HORA,N_PARADA) values ('17000','AV000672',to_timestamp('01/03/15 04:00:00,000000000','DD/MM/RR HH24:MI:SSXFF'),'1');
Insert into TRENES.PARADAS (COD_EST,COD_TREN,HORA,N_PARADA) values ('10600','AV000672',to_timestamp('01/03/15 05:10:00,000000000','DD/MM/RR HH24:MI:SSXFF'),'2');
Insert into TRENES.PARADAS (COD_EST,COD_TREN,HORA,N_PARADA) values ('4040','ES000933',to_timestamp('30/12/99 02:30:00,000000000','DD/MM/RR HH24:MI:SSXFF'),'7');
Insert into TRENES.PARADAS (COD_EST,COD_TREN,HORA,N_PARADA) values ('10200','RE008006',to_timestamp('30/12/99 20:34:00,000000000','DD/MM/RR HH24:MI:SSXFF'),'11');
Insert into TRENES.PARADAS (COD_EST,COD_TREN,HORA,N_PARADA) values ('10200','RR008216',to_timestamp('30/12/99 21:34:00,000000000','DD/MM/RR HH24:MI:SSXFF'),'11');
Insert into TRENES.PARADAS (COD_EST,COD_TREN,HORA,N_PARADA) values ('10200','TA000076',to_timestamp('30/12/99 13:10:00,000000000','DD/MM/RR HH24:MI:SSXFF'),'9');
Insert into TRENES.PARADAS (COD_EST,COD_TREN,HORA,N_PARADA) values ('10203','RR008216',to_timestamp('30/12/99 21:26:00,000000000','DD/MM/RR HH24:MI:SSXFF'),'10');
Insert into TRENES.PARADAS (COD_EST,COD_TREN,HORA,N_PARADA) values ('10400','ES000752',to_timestamp('30/12/99 06:18:00,000000000','DD/MM/RR HH24:MI:SSXFF'),'22');
Insert into TRENES.PARADAS (COD_EST,COD_TREN,HORA,N_PARADA) values ('10400','ES000830',to_timestamp('30/12/99 05:42:00,000000000','DD/MM/RR HH24:MI:SSXFF'),'17');
Insert into TRENES.PARADAS (COD_EST,COD_TREN,HORA,N_PARADA) values ('10400','RE008006',to_timestamp('30/12/99 19:35:00,000000000','DD/MM/RR HH24:MI:SSXFF'),'10');
Insert into TRENES.PARADAS (COD_EST,COD_TREN,HORA,N_PARADA) values ('10400','RR008216',to_timestamp('30/12/99 20:37:00,000000000','DD/MM/RR HH24:MI:SSXFF'),'9');
Insert into TRENES.PARADAS (COD_EST,COD_TREN,HORA,N_PARADA) values ('10400','TA000076',to_timestamp('30/12/99 12:17:00,000000000','DD/MM/RR HH24:MI:SSXFF'),'8');
Insert into TRENES.PARADAS (COD_EST,COD_TREN,HORA,N_PARADA) values ('10409','RE008006',to_timestamp('30/12/99 19:07:00,000000000','DD/MM/RR HH24:MI:SSXFF'),'9');
Insert into TRENES.PARADAS (COD_EST,COD_TREN,HORA,N_PARADA) values ('10500','ES000752',to_timestamp('30/12/99 05:31:00,000000000','DD/MM/RR HH24:MI:SSXFF'),'21');
Insert into TRENES.PARADAS (COD_EST,COD_TREN,HORA,N_PARADA) values ('10500','ES000830',to_timestamp('30/12/99 04:35:00,000000000','DD/MM/RR HH24:MI:SSXFF'),'16');
Insert into TRENES.PARADAS (COD_EST,COD_TREN,HORA,N_PARADA) values ('10500','ES000933',to_timestamp('30/12/99 09:24:00,000000000','DD/MM/RR HH24:MI:SSXFF'),'17');
Insert into TRENES.PARADAS (COD_EST,COD_TREN,HORA,N_PARADA) values ('10500','RE008006',to_timestamp('30/12/99 18:50:00,000000000','DD/MM/RR HH24:MI:SSXFF'),'8');
Insert into TRENES.PARADAS (COD_EST,COD_TREN,HORA,N_PARADA) values ('10500','RR008216',to_timestamp('30/12/99 19:54:00,000000000','DD/MM/RR HH24:MI:SSXFF'),'8');
Insert into TRENES.PARADAS (COD_EST,COD_TREN,HORA,N_PARADA) values ('10500','TA000076',to_timestamp('30/12/99 11:35:00,000000000','DD/MM/RR HH24:MI:SSXFF'),'7');
Insert into TRENES.PARADAS (COD_EST,COD_TREN,HORA,N_PARADA) values ('10600','ES000752',to_timestamp('30/12/99 05:07:00,000000000','DD/MM/RR HH24:MI:SSXFF'),'20');
Insert into TRENES.PARADAS (COD_EST,COD_TREN,HORA,N_PARADA) values ('10600','ES000830',to_timestamp('30/12/99 04:00:00,000000000','DD/MM/RR HH24:MI:SSXFF'),'15');
Insert into TRENES.PARADAS (COD_EST,COD_TREN,HORA,N_PARADA) values ('10600','ES000933',to_timestamp('30/12/99 08:56:00,000000000','DD/MM/RR HH24:MI:SSXFF'),'16');
Insert into TRENES.PARADAS (COD_EST,COD_TREN,HORA,N_PARADA) values ('10600','RR008408',to_timestamp('30/12/99 22:10:00,000000000','DD/MM/RR HH24:MI:SSXFF'),'15');
Insert into TRENES.PARADAS (COD_EST,COD_TREN,HORA,N_PARADA) values ('10600','RE008006',to_timestamp('30/12/99 18:26:00,000000000','DD/MM/RR HH24:MI:SSXFF'),'7');
Insert into TRENES.PARADAS (COD_EST,COD_TREN,HORA,N_PARADA) values ('10600','RR008216',to_timestamp('30/12/99 19:30:00,000000000','DD/MM/RR HH24:MI:SSXFF'),'7');
Insert into TRENES.PARADAS (COD_EST,COD_TREN,HORA,N_PARADA) values ('10600','RR008704',to_timestamp('30/12/99 08:15:00,000000000','DD/MM/RR HH24:MI:SSXFF'),'8');
Insert into TRENES.PARADAS (COD_EST,COD_TREN,HORA,N_PARADA) values ('10600','TA000076',to_timestamp('30/12/99 11:13:00,000000000','DD/MM/RR HH24:MI:SSXFF'),'6');
Insert into TRENES.PARADAS (COD_EST,COD_TREN,HORA,N_PARADA) values ('10602','RR008408',to_timestamp('30/12/99 22:00:00,000000000','DD/MM/RR HH24:MI:SSXFF'),'13');
Insert into TRENES.PARADAS (COD_EST,COD_TREN,HORA,N_PARADA) values ('10602','RR008704',to_timestamp('30/12/99 08:04:00,000000000','DD/MM/RR HH24:MI:SSXFF'),'6');
Insert into TRENES.PARADAS (COD_EST,COD_TREN,HORA,N_PARADA) values ('10603','RR008408',to_timestamp('30/12/99 21:56:00,000000000','DD/MM/RR HH24:MI:SSXFF'),'12');
Insert into TRENES.PARADAS (COD_EST,COD_TREN,HORA,N_PARADA) values ('10603','RR008704',to_timestamp('30/12/99 08:00:00,000000000','DD/MM/RR HH24:MI:SSXFF'),'5');
Insert into TRENES.PARADAS (COD_EST,COD_TREN,HORA,N_PARADA) values ('10604','RR008408',to_timestamp('30/12/99 21:52:00,000000000','DD/MM/RR HH24:MI:SSXFF'),'11');
Insert into TRENES.PARADAS (COD_EST,COD_TREN,HORA,N_PARADA) values ('10604','RR008704',to_timestamp('30/12/99 07:55:00,000000000','DD/MM/RR HH24:MI:SSXFF'),'4');
Insert into TRENES.PARADAS (COD_EST,COD_TREN,HORA,N_PARADA) values ('10605','RR008408',to_timestamp('30/12/99 21:46:00,000000000','DD/MM/RR HH24:MI:SSXFF'),'10');
Insert into TRENES.PARADAS (COD_EST,COD_TREN,HORA,N_PARADA) values ('10605','RR008704',to_timestamp('30/12/99 07:50:00,000000000','DD/MM/RR HH24:MI:SSXFF'),'3');
Insert into TRENES.PARADAS (COD_EST,COD_TREN,HORA,N_PARADA) values ('10610','RR008408',to_timestamp('30/12/99 22:06:00,000000000','DD/MM/RR HH24:MI:SSXFF'),'14');
Insert into TRENES.PARADAS (COD_EST,COD_TREN,HORA,N_PARADA) values ('10610','RR008704',to_timestamp('30/12/99 08:11:00,000000000','DD/MM/RR HH24:MI:SSXFF'),'7');
Insert into TRENES.PARADAS (COD_EST,COD_TREN,HORA,N_PARADA) values ('11000','ES000752',to_timestamp('30/12/99 04:45:00,000000000','DD/MM/RR HH24:MI:SSXFF'),'19');
Insert into TRENES.PARADAS (COD_EST,COD_TREN,HORA,N_PARADA) values ('11000','ES000830',to_timestamp('30/12/99 03:30:00,000000000','DD/MM/RR HH24:MI:SSXFF'),'14');
Insert into TRENES.PARADAS (COD_EST,COD_TREN,HORA,N_PARADA) values ('11000','RR008408',to_timestamp('30/12/99 21:39:00,000000000','DD/MM/RR HH24:MI:SSXFF'),'9');
Insert into TRENES.PARADAS (COD_EST,COD_TREN,HORA,N_PARADA) values ('11000','RE008006',to_timestamp('30/12/99 18:05:00,000000000','DD/MM/RR HH24:MI:SSXFF'),'6');
Insert into TRENES.PARADAS (COD_EST,COD_TREN,HORA,N_PARADA) values ('11000','RR008216',to_timestamp('30/12/99 19:05:00,000000000','DD/MM/RR HH24:MI:SSXFF'),'6');
Insert into TRENES.PARADAS (COD_EST,COD_TREN,HORA,N_PARADA) values ('11000','RR008704',to_timestamp('30/12/99 07:44:00,000000000','DD/MM/RR HH24:MI:SSXFF'),'2');
Insert into TRENES.PARADAS (COD_EST,COD_TREN,HORA,N_PARADA) values ('11004','RR008408',to_timestamp('30/12/99 21:18:00,000000000','DD/MM/RR HH24:MI:SSXFF'),'7');
Insert into TRENES.PARADAS (COD_EST,COD_TREN,HORA,N_PARADA) values ('11006','RR008408',to_timestamp('30/12/99 21:04:00,000000000','DD/MM/RR HH24:MI:SSXFF'),'6');
Insert into TRENES.PARADAS (COD_EST,COD_TREN,HORA,N_PARADA) values ('11009','RR008408',to_timestamp('30/12/99 20:52:00,000000000','DD/MM/RR HH24:MI:SSXFF'),'5');
Insert into TRENES.PARADAS (COD_EST,COD_TREN,HORA,N_PARADA) values ('11100','ES000933',to_timestamp('30/12/99 07:00:00,000000000','DD/MM/RR HH24:MI:SSXFF'),'14');
Insert into TRENES.PARADAS (COD_EST,COD_TREN,HORA,N_PARADA) values ('11100','RR008408',to_timestamp('30/12/99 20:33:00,000000000','DD/MM/RR HH24:MI:SSXFF'),'4');
Insert into TRENES.PARADAS (COD_EST,COD_TREN,HORA,N_PARADA) values ('11109','RR008408',to_timestamp('30/12/99 20:02:00,000000000','DD/MM/RR HH24:MI:SSXFF'),'3');
Insert into TRENES.PARADAS (COD_EST,COD_TREN,HORA,N_PARADA) values ('11111','RR008408',to_timestamp('30/12/99 19:47:00,000000000','DD/MM/RR HH24:MI:SSXFF'),'2');
Insert into TRENES.PARADAS (COD_EST,COD_TREN,HORA,N_PARADA) values ('11200','ES000933',to_timestamp('30/12/99 05:50:00,000000000','DD/MM/RR HH24:MI:SSXFF'),'13');
Insert into TRENES.PARADAS (COD_EST,COD_TREN,HORA,N_PARADA) values ('11200','RR008408',to_timestamp('30/12/99 19:30:00,000000000','DD/MM/RR HH24:MI:SSXFF'),'1');
Insert into TRENES.PARADAS (COD_EST,COD_TREN,HORA,N_PARADA) values ('14100','ES000752',to_timestamp('30/12/99 04:34:00,000000000','DD/MM/RR HH24:MI:SSXFF'),'18');
Insert into TRENES.PARADAS (COD_EST,COD_TREN,HORA,N_PARADA) values ('14100','ES000830',to_timestamp('30/12/99 02:29:00,000000000','DD/MM/RR HH24:MI:SSXFF'),'13');
Insert into TRENES.PARADAS (COD_EST,COD_TREN,HORA,N_PARADA) values ('14100','ES000933',to_timestamp('30/12/99 08:20:00,000000000','DD/MM/RR HH24:MI:SSXFF'),'15');
Insert into TRENES.PARADAS (COD_EST,COD_TREN,HORA,N_PARADA) values ('14100','RR008408',to_timestamp('30/12/99 21:27:00,000000000','DD/MM/RR HH24:MI:SSXFF'),'8');
Insert into TRENES.PARADAS (COD_EST,COD_TREN,HORA,N_PARADA) values ('14100','RE008006',to_timestamp('30/12/99 17:55:00,000000000','DD/MM/RR HH24:MI:SSXFF'),'5');
Insert into TRENES.PARADAS (COD_EST,COD_TREN,HORA,N_PARADA) values ('14100','RR008216',to_timestamp('30/12/99 18:54:00,000000000','DD/MM/RR HH24:MI:SSXFF'),'5');
Insert into TRENES.PARADAS (COD_EST,COD_TREN,HORA,N_PARADA) values ('14100','RR008704',to_timestamp('30/12/99 07:33:00,000000000','DD/MM/RR HH24:MI:SSXFF'),'1');
Insert into TRENES.PARADAS (COD_EST,COD_TREN,HORA,N_PARADA) values ('14100','TA000076',to_timestamp('30/12/99 10:41:00,000000000','DD/MM/RR HH24:MI:SSXFF'),'5');
Insert into TRENES.PARADAS (COD_EST,COD_TREN,HORA,N_PARADA) values ('14104','ES000830',to_timestamp('30/12/99 01:57:00,000000000','DD/MM/RR HH24:MI:SSXFF'),'12');
Insert into TRENES.PARADAS (COD_EST,COD_TREN,HORA,N_PARADA) values ('14107','ES000830',to_timestamp('30/12/99 01:43:00,000000000','DD/MM/RR HH24:MI:SSXFF'),'11');
Insert into TRENES.PARADAS (COD_EST,COD_TREN,HORA,N_PARADA) values ('14111','ES000830',to_timestamp('30/12/99 01:27:00,000000000','DD/MM/RR HH24:MI:SSXFF'),'10');
Insert into TRENES.PARADAS (COD_EST,COD_TREN,HORA,N_PARADA) values ('14112','ES000830',to_timestamp('30/12/99 01:19:00,000000000','DD/MM/RR HH24:MI:SSXFF'),'9');
Insert into TRENES.PARADAS (COD_EST,COD_TREN,HORA,N_PARADA) values ('14114','ES000830',to_timestamp('30/12/99 01:03:00,000000000','DD/MM/RR HH24:MI:SSXFF'),'8');
Insert into TRENES.PARADAS (COD_EST,COD_TREN,HORA,N_PARADA) values ('14114','TA000076',to_timestamp('30/12/99 09:40:00,000000000','DD/MM/RR HH24:MI:SSXFF'),'4');
Insert into TRENES.PARADAS (COD_EST,COD_TREN,HORA,N_PARADA) values ('14200','ES000830',to_timestamp('30/12/99 00:52:00,000000000','DD/MM/RR HH24:MI:SSXFF'),'7');
Insert into TRENES.PARADAS (COD_EST,COD_TREN,HORA,N_PARADA) values ('14202','ES000830',to_timestamp('30/12/99 00:35:00,000000000','DD/MM/RR HH24:MI:SSXFF'),'6');
Insert into TRENES.PARADAS (COD_EST,COD_TREN,HORA,N_PARADA) values ('14202','TA000076',to_timestamp('30/12/99 09:17:00,000000000','DD/MM/RR HH24:MI:SSXFF'),'3');
Insert into TRENES.PARADAS (COD_EST,COD_TREN,HORA,N_PARADA) values ('14206','ES000830',to_timestamp('30/12/99 23:56:00,000000000','DD/MM/RR HH24:MI:SSXFF'),'5');
Insert into TRENES.PARADAS (COD_EST,COD_TREN,HORA,N_PARADA) values ('14210','ES000830',to_timestamp('30/12/99 23:38:00,000000000','DD/MM/RR HH24:MI:SSXFF'),'4');
Insert into TRENES.PARADAS (COD_EST,COD_TREN,HORA,N_PARADA) values ('14213','ES000830',to_timestamp('30/12/99 23:29:00,000000000','DD/MM/RR HH24:MI:SSXFF'),'3');
Insert into TRENES.PARADAS (COD_EST,COD_TREN,HORA,N_PARADA) values ('14213','TA000076',to_timestamp('30/12/99 08:34:00,000000000','DD/MM/RR HH24:MI:SSXFF'),'2');
Insert into TRENES.PARADAS (COD_EST,COD_TREN,HORA,N_PARADA) values ('14216','ES000830',to_timestamp('30/12/99 23:18:00,000000000','DD/MM/RR HH24:MI:SSXFF'),'2');
Insert into TRENES.PARADAS (COD_EST,COD_TREN,HORA,N_PARADA) values ('14223','ES000830',to_timestamp('30/12/99 23:00:00,000000000','DD/MM/RR HH24:MI:SSXFF'),'1');
Insert into TRENES.PARADAS (COD_EST,COD_TREN,HORA,N_PARADA) values ('14223','TA000076',to_timestamp('30/12/99 08:10:00,000000000','DD/MM/RR HH24:MI:SSXFF'),'1');
Insert into TRENES.PARADAS (COD_EST,COD_TREN,HORA,N_PARADA) values ('15004','RE008006',to_timestamp('30/12/99 17:43:00,000000000','DD/MM/RR HH24:MI:SSXFF'),'4');
Insert into TRENES.PARADAS (COD_EST,COD_TREN,HORA,N_PARADA) values ('15004','RR008216',to_timestamp('30/12/99 18:39:00,000000000','DD/MM/RR HH24:MI:SSXFF'),'4');
Insert into TRENES.PARADAS (COD_EST,COD_TREN,HORA,N_PARADA) values ('15007','RE008006',to_timestamp('30/12/99 17:30:00,000000000','DD/MM/RR HH24:MI:SSXFF'),'3');
Insert into TRENES.PARADAS (COD_EST,COD_TREN,HORA,N_PARADA) values ('15007','RR008216',to_timestamp('30/12/99 18:25:00,000000000','DD/MM/RR HH24:MI:SSXFF'),'3');
Insert into TRENES.PARADAS (COD_EST,COD_TREN,HORA,N_PARADA) values ('15009','RE008006',to_timestamp('30/12/99 17:22:00,000000000','DD/MM/RR HH24:MI:SSXFF'),'2');
Insert into TRENES.PARADAS (COD_EST,COD_TREN,HORA,N_PARADA) values ('15009','RR008216',to_timestamp('30/12/99 18:16:00,000000000','DD/MM/RR HH24:MI:SSXFF'),'2');
Insert into TRENES.PARADAS (COD_EST,COD_TREN,HORA,N_PARADA) values ('15100','ES000752',to_timestamp('30/12/99 03:34:00,000000000','DD/MM/RR HH24:MI:SSXFF'),'17');
Insert into TRENES.PARADAS (COD_EST,COD_TREN,HORA,N_PARADA) values ('15100','RE008006',to_timestamp('30/12/99 16:50:00,000000000','DD/MM/RR HH24:MI:SSXFF'),'1');
Insert into TRENES.PARADAS (COD_EST,COD_TREN,HORA,N_PARADA) values ('15100','RR008216',to_timestamp('30/12/99 17:45:00,000000000','DD/MM/RR HH24:MI:SSXFF'),'1');
Insert into TRENES.PARADAS (COD_EST,COD_TREN,HORA,N_PARADA) values ('17000','ES000752',to_timestamp('30/12/99 08:00:00,000000000','DD/MM/RR HH24:MI:SSXFF'),'23');
Insert into TRENES.PARADAS (COD_EST,COD_TREN,HORA,N_PARADA) values ('17000','ES000830',to_timestamp('30/12/99 07:35:00,000000000','DD/MM/RR HH24:MI:SSXFF'),'18');
Insert into TRENES.PARADAS (COD_EST,COD_TREN,HORA,N_PARADA) values ('17000','RE008006',to_timestamp('30/12/99 21:10:00,000000000','DD/MM/RR HH24:MI:SSXFF'),'12');
Insert into TRENES.PARADAS (COD_EST,COD_TREN,HORA,N_PARADA) values ('17000','RR008216',to_timestamp('30/12/99 22:10:00,000000000','DD/MM/RR HH24:MI:SSXFF'),'12');
Insert into TRENES.PARADAS (COD_EST,COD_TREN,HORA,N_PARADA) values ('17000','TA000076',to_timestamp('30/12/99 14:05:00,000000000','DD/MM/RR HH24:MI:SSXFF'),'10');
Insert into TRENES.PARADAS (COD_EST,COD_TREN,HORA,N_PARADA) values ('18000','RR008216',to_timestamp('30/12/99 22:23:00,000000000','DD/MM/RR HH24:MI:SSXFF'),'15');
Insert into TRENES.PARADAS (COD_EST,COD_TREN,HORA,N_PARADA) values ('18000','TA000076',to_timestamp('30/12/99 14:20:00,000000000','DD/MM/RR HH24:MI:SSXFF'),'11');
Insert into TRENES.PARADAS (COD_EST,COD_TREN,HORA,N_PARADA) values ('18001','RR008216',to_timestamp('30/12/99 22:19:00,000000000','DD/MM/RR HH24:MI:SSXFF'),'14');
Insert into TRENES.PARADAS (COD_EST,COD_TREN,HORA,N_PARADA) values ('18002','RR008216',to_timestamp('30/12/99 22:15:00,000000000','DD/MM/RR HH24:MI:SSXFF'),'13');
Insert into TRENES.PARADAS (COD_EST,COD_TREN,HORA,N_PARADA) values ('20005','ES000752',to_timestamp('30/12/99 03:12:00,000000000','DD/MM/RR HH24:MI:SSXFF'),'16');
Insert into TRENES.PARADAS (COD_EST,COD_TREN,HORA,N_PARADA) values ('20100','ES000752',to_timestamp('30/12/99 03:02:00,000000000','DD/MM/RR HH24:MI:SSXFF'),'15');
Insert into TRENES.PARADAS (COD_EST,COD_TREN,HORA,N_PARADA) values ('20111','ES000752',to_timestamp('30/12/99 02:18:00,000000000','DD/MM/RR HH24:MI:SSXFF'),'14');
Insert into TRENES.PARADAS (COD_EST,COD_TREN,HORA,N_PARADA) values ('20200','ES000752',to_timestamp('30/12/99 02:03:00,000000000','DD/MM/RR HH24:MI:SSXFF'),'13');
Insert into TRENES.PARADAS (COD_EST,COD_TREN,HORA,N_PARADA) values ('20211','ES000752',to_timestamp('30/12/99 01:25:00,000000000','DD/MM/RR HH24:MI:SSXFF'),'12');
Insert into TRENES.PARADAS (COD_EST,COD_TREN,HORA,N_PARADA) values ('20213','ES000752',to_timestamp('30/12/99 01:13:00,000000000','DD/MM/RR HH24:MI:SSXFF'),'11');
Insert into TRENES.PARADAS (COD_EST,COD_TREN,HORA,N_PARADA) values ('20216','ES000752',to_timestamp('30/12/99 00:51:00,000000000','DD/MM/RR HH24:MI:SSXFF'),'10');
Insert into TRENES.PARADAS (COD_EST,COD_TREN,HORA,N_PARADA) values ('20300','ES000752',to_timestamp('30/12/99 00:26:00,000000000','DD/MM/RR HH24:MI:SSXFF'),'9');
Insert into TRENES.PARADAS (COD_EST,COD_TREN,HORA,N_PARADA) values ('20305','ES000752',to_timestamp('30/12/99 23:37:00,000000000','DD/MM/RR HH24:MI:SSXFF'),'8');
Insert into TRENES.PARADAS (COD_EST,COD_TREN,HORA,N_PARADA) values ('20309','ES000752',to_timestamp('30/12/99 23:07:00,000000000','DD/MM/RR HH24:MI:SSXFF'),'7');
Insert into TRENES.PARADAS (COD_EST,COD_TREN,HORA,N_PARADA) values ('20314','ES000752',to_timestamp('30/12/99 22:38:00,000000000','DD/MM/RR HH24:MI:SSXFF'),'6');
Insert into TRENES.PARADAS (COD_EST,COD_TREN,HORA,N_PARADA) values ('20317','ES000752',to_timestamp('30/12/99 22:20:00,000000000','DD/MM/RR HH24:MI:SSXFF'),'5');
Insert into TRENES.PARADAS (COD_EST,COD_TREN,HORA,N_PARADA) values ('20400','ES000752',to_timestamp('30/12/99 21:55:00,000000000','DD/MM/RR HH24:MI:SSXFF'),'4');
Insert into TRENES.PARADAS (COD_EST,COD_TREN,HORA,N_PARADA) values ('21001','ES000752',to_timestamp('30/12/99 21:46:00,000000000','DD/MM/RR HH24:MI:SSXFF'),'3');
Insert into TRENES.PARADAS (COD_EST,COD_TREN,HORA,N_PARADA) values ('21004','ES000752',to_timestamp('30/12/99 21:23:00,000000000','DD/MM/RR HH24:MI:SSXFF'),'2');
Insert into TRENES.PARADAS (COD_EST,COD_TREN,HORA,N_PARADA) values ('21010','ES000752',to_timestamp('30/12/99 21:00:00,000000000','DD/MM/RR HH24:MI:SSXFF'),'1');
Insert into TRENES.PARADAS (COD_EST,COD_TREN,HORA,N_PARADA) values ('30100','ES000933',to_timestamp('30/12/99 10:29:00,000000000','DD/MM/RR HH24:MI:SSXFF'),'19');
Insert into TRENES.PARADAS (COD_EST,COD_TREN,HORA,N_PARADA) values ('32004','ES000933',to_timestamp('30/12/99 10:00:00,000000000','DD/MM/RR HH24:MI:SSXFF'),'18');
Insert into TRENES.PARADAS (COD_EST,COD_TREN,HORA,N_PARADA) values ('60200','TA000076',to_timestamp('30/12/99 14:47:00,000000000','DD/MM/RR HH24:MI:SSXFF'),'12');
Insert into TRENES.PARADAS (COD_EST,COD_TREN,HORA,N_PARADA) values ('60600','TA000076',to_timestamp('30/12/99 16:23:00,000000000','DD/MM/RR HH24:MI:SSXFF'),'13');
Insert into TRENES.PARADAS (COD_EST,COD_TREN,HORA,N_PARADA) values ('60902','TA000076',to_timestamp('30/12/99 17:20:00,000000000','DD/MM/RR HH24:MI:SSXFF'),'14');
Insert into TRENES.PARADAS (COD_EST,COD_TREN,HORA,N_PARADA) values ('60905','TA000076',to_timestamp('30/12/99 17:30:00,000000000','DD/MM/RR HH24:MI:SSXFF'),'15');
Insert into TRENES.PARADAS (COD_EST,COD_TREN,HORA,N_PARADA) values ('60911','TA000076',to_timestamp('30/12/99 17:55:00,000000000','DD/MM/RR HH24:MI:SSXFF'),'16');
Insert into TRENES.PARADAS (COD_EST,COD_TREN,HORA,N_PARADA) values ('71400','ES000933',to_timestamp('30/12/99 23:39:00,000000000','DD/MM/RR HH24:MI:SSXFF'),'4');
Insert into TRENES.PARADAS (COD_EST,COD_TREN,HORA,N_PARADA) values ('71500','ES000933',to_timestamp('30/12/99 23:25:00,000000000','DD/MM/RR HH24:MI:SSXFF'),'3');
Insert into TRENES.PARADAS (COD_EST,COD_TREN,HORA,N_PARADA) values ('71600','ES000933',to_timestamp('30/12/99 23:07:00,000000000','DD/MM/RR HH24:MI:SSXFF'),'2');
Insert into TRENES.PARADAS (COD_EST,COD_TREN,HORA,N_PARADA) values ('71801','ES000933',to_timestamp('30/12/99 22:30:00,000000000','DD/MM/RR HH24:MI:SSXFF'),'1');
Insert into TRENES.PARADAS (COD_EST,COD_TREN,HORA,N_PARADA) values ('78301','ES000933',to_timestamp('30/12/99 01:12:00,000000000','DD/MM/RR HH24:MI:SSXFF'),'6');
Insert into TRENES.PARADAS (COD_EST,COD_TREN,HORA,N_PARADA) values ('78400','ES000933',to_timestamp('30/12/99 00:38:00,000000000','DD/MM/RR HH24:MI:SSXFF'),'5');
Insert into TRENES.PARADAS (COD_EST,COD_TREN,HORA,N_PARADA) values ('81002','ES000933',to_timestamp('30/12/99 05:07:00,000000000','DD/MM/RR HH24:MI:SSXFF'),'12');
Insert into TRENES.PARADAS (COD_EST,COD_TREN,HORA,N_PARADA) values ('81100','ES000933',to_timestamp('30/12/99 04:20:00,000000000','DD/MM/RR HH24:MI:SSXFF'),'11');
Insert into TRENES.PARADAS (COD_EST,COD_TREN,HORA,N_PARADA) values ('81108','ES000933',to_timestamp('30/12/99 03:47:00,000000000','DD/MM/RR HH24:MI:SSXFF'),'10');
Insert into TRENES.PARADAS (COD_EST,COD_TREN,HORA,N_PARADA) values ('81200','ES000933',to_timestamp('30/12/99 03:28:00,000000000','DD/MM/RR HH24:MI:SSXFF'),'9');
Insert into TRENES.PARADAS (COD_EST,COD_TREN,HORA,N_PARADA) values ('81202','ES000933',to_timestamp('30/12/99 03:09:00,000000000','DD/MM/RR HH24:MI:SSXFF'),'8');

commit;
